video,split,client,class,manipulation,frames_read,frames_saved,blur_removed,duplicates_removed,time_sec
806,train,1,real,original,301,61,0,0,7.23
072,val,1,real,original,311,63,0,0,7.83
299,train,1,real,original,314,63,0,0,7.9
116_091,train,1,fake,FaceSwap,327,66,0,0,7.87
357,train,1,real,original,346,70,0,0,8.9
522_337,train,1,fake,NeuralTextures,331,67,0,0,9.54
888_937,train,1,fake,NeuralTextures,307,62,0,0,9.64
840_800,train,1,fake,NeuralTextures,338,68,0,0,9.71
900,train,1,real,original,341,69,0,0,9.86
839_864,train,1,fake,NeuralTextures,326,66,0,0,10.1
116,train,1,real,original,327,66,0,0,10.3
012_026,train,1,fake,Deepfakes,363,39,34,0,10.46
218_239,train,1,fake,FaceSwap,353,71,0,0,10.82
565,test,1,real,original,430,86,0,0,10.99
788_710,train,1,fake,Face2Face,378,76,0,0,11.13
013_883,train,1,fake,NeuralTextures,332,67,0,0,11.09
859,train,2,real,original,333,67,0,0,10.6
369,train,2,real,original,320,64,0,0,10.61
937,train,2,real,original,455,91,0,0,10.61
528,train,1,real,original,377,76,0,0,11.66
944,train,1,real,original,342,69,0,0,11.42
321,train,1,real,original,567,114,0,0,11.6
150,train,1,real,original,456,92,0,0,11.83
522_337,train,1,fake,FaceSwap,331,67,0,0,11.83
013,train,1,real,original,332,67,0,0,11.88
567,val,1,real,original,340,68,0,0,12.16
339_392,train,1,fake,Deepfakes,457,50,42,0,12.67
359,train,2,real,original,456,91,1,0,12.78
669,train,2,real,original,489,98,0,0,12.81
377_333,train,1,fake,FaceSwap,398,80,0,0,13.01
003_000,val,1,fake,Deepfakes,303,59,2,0,13.3
157,train,2,real,original,486,98,0,0,13.17
556_588,train,1,fake,FaceSwap,372,60,15,0,13.53
407_374,train,1,fake,Face2Face,586,118,0,0,14.44
179_212,train,1,fake,FaceSwap,415,83,0,0,14.4
485_425,train,1,fake,NeuralTextures,336,68,0,0,14.31
993_989,train,1,fake,FaceSwap,409,82,0,0,14.42
118_120,train,1,fake,Face2Face,405,81,0,0,14.5
782,train,2,real,original,556,112,0,0,14.38
327,train,2,real,original,495,99,0,0,14.71
443_514,train,1,fake,Face2Face,361,73,0,0,15.06
919_015,train,1,fake,Deepfakes,534,71,36,0,15.4
435,train,1,real,original,476,96,0,0,15.74
406_391,train,1,fake,NeuralTextures,512,103,0,0,15.66
241_210,train,1,fake,FaceSwap,292,98,0,0,16.28
655,test,1,real,original,678,136,0,0,16.68
195,train,1,real,original,333,67,0,0,17.31
033,train,1,real,original,809,81,0,0,17.57
940_941,train,1,fake,Face2Face,494,99,0,0,17.98
775_742,train,1,fake,Deepfakes,559,24,88,0,17.96
553,train,1,real,original,364,73,0,0,7.0
415,train,1,real,original,563,113,0,0,19.91
502,train,2,real,original,317,64,0,0,19.7
105_180,train,1,fake,Face2Face,569,114,0,0,20.4
228,test,1,real,original,556,112,0,0,13.11
949,train,2,real,original,686,138,0,0,19.92
927,train,1,real,original,697,140,0,0,20.89
844,val,2,real,original,852,86,0,0,20.27
152,train,2,real,original,313,63,0,0,9.87
671_677,test,1,fake,NeuralTextures,314,40,23,0,20.73
210,train,2,real,original,839,84,0,0,20.62
510,train,2,real,original,340,65,3,0,7.78
133_148,train,1,fake,Deepfakes,767,77,0,0,22.41
280_249,train,1,fake,Deepfakes,606,121,1,0,22.25
956_958,val,1,fake,Face2Face,392,79,0,0,9.01
664_668,train,1,fake,Face2Face,398,80,0,0,22.51
368_378,train,1,fake,Face2Face,761,77,0,0,24.26
058,train,1,real,original,669,134,0,0,15.94
398_457,train,1,fake,FaceSwap,528,106,0,0,13.16
578_636,train,1,fake,FaceSwap,335,67,0,0,24.71
440_364,train,1,fake,FaceSwap,419,84,0,0,15.62
687,val,2,real,original,469,94,0,0,25.07
440,train,1,real,original,419,84,0,0,6.96
299_145,train,1,fake,FaceSwap,314,63,0,0,10.94
656,val,1,real,original,505,101,0,0,15.07
168,train,2,real,original,1228,123,0,0,26.64
510_528,train,1,fake,NeuralTextures,340,65,3,0,17.58
911_910,train,1,fake,FaceSwap,292,98,0,0,27.34
734,val,2,real,original,1098,110,0,0,26.87
989_993,train,1,fake,Deepfakes,960,96,0,0,28.78
143_140,train,1,fake,NeuralTextures,414,83,0,0,14.41
182,val,1,real,original,620,124,0,0,29.18
299_145,train,1,fake,Face2Face,475,95,0,0,20.19
097,train,2,real,original,478,96,0,0,10.54
159_175,test,1,fake,FaceSwap,325,65,0,0,9.84
161,val,2,real,original,369,74,0,0,10.49
440_364,train,1,fake,Face2Face,648,130,0,0,24.37
014,train,1,real,original,676,136,0,0,25.42
800,train,1,real,original,338,68,0,0,21.65
014_790,train,1,fake,FaceSwap,676,136,0,0,33.39
862_047,train,1,fake,Deepfakes,470,94,0,0,33.05
670_661,train,1,fake,Face2Face,513,103,0,0,18.37
821_812,train,1,fake,NeuralTextures,423,85,0,0,23.76
736,val,2,real,original,414,83,0,0,7.34
960,train,1,real,original,345,68,1,0,18.13
412,train,1,real,original,572,67,48,0,36.02
924_917,train,1,fake,Face2Face,448,90,0,0,17.0
229_247,train,1,fake,FaceSwap,392,65,14,0,12.61
221_206,train,1,fake,Face2Face,714,72,0,0,36.65
997_040,train,1,fake,Deepfakes,438,88,0,0,13.89
905,train,2,real,original,382,77,0,0,14.91
927_912,train,1,fake,FaceSwap,647,130,0,0,21.12
919,train,1,real,original,534,71,36,0,7.71
092,train,2,real,original,460,92,0,0,18.66
685_613,val,1,fake,Deepfakes,522,105,0,0,22.97
501_326,train,1,fake,Face2Face,914,92,0,0,26.78
401_395,train,1,fake,FaceSwap,448,90,0,0,20.51
159_175,test,1,fake,NeuralTextures,325,65,0,0,10.67
953,train,1,real,original,351,71,0,0,16.06
311,train,2,real,original,368,74,0,0,20.36
109_107,train,1,fake,Face2Face,556,112,0,0,19.25
347,train,2,real,original,458,91,1,0,21.9
427,train,1,real,original,468,94,0,0,25.02
481,train,2,real,original,414,83,0,0,28.18
827,val,2,real,original,311,63,0,0,8.07
503,train,1,real,original,674,135,0,0,22.21
007,val,1,real,original,505,101,0,0,13.95
991_064,train,1,fake,NeuralTextures,402,40,41,0,7.31
240,train,1,real,original,1274,128,0,0,32.41
897_969,train,1,fake,Face2Face,356,72,0,0,12.8
838,train,2,real,original,457,92,0,0,22.93
496,train,2,real,original,1496,150,0,0,44.78
001_870,train,1,fake,Deepfakes,460,92,0,0,30.82
771,train,2,real,original,634,127,0,0,19.51
303_309,train,1,fake,FaceSwap,571,115,0,0,15.52
661_670,train,1,fake,NeuralTextures,481,97,0,0,33.02
297,train,1,real,original,390,78,0,0,13.21
091_116,train,1,fake,Deepfakes,639,128,0,0,31.1
959,train,1,real,original,482,73,24,0,49.34
320,train,1,real,original,504,67,34,0,24.56
381,train,2,real,original,578,116,0,0,9.52
590,val,1,real,original,600,96,24,0,49.76
290_240,train,1,fake,Face2Face,1274,128,0,0,34.89
601_653,train,1,fake,Deepfakes,364,73,0,0,16.72
612_702,train,1,fake,Deepfakes,420,84,0,0,25.66
064,train,1,real,original,402,81,0,0,7.84
147,train,1,real,original,667,134,0,0,19.08
842,train,2,real,original,447,90,0,0,11.27
576_155,train,1,fake,NeuralTextures,461,93,0,0,28.43
374,train,2,real,original,586,118,0,0,40.31
909_857,train,1,fake,Deepfakes,637,125,3,0,26.98
101,train,1,real,original,1148,115,0,0,32.09
189_200,train,1,fake,FaceSwap,512,103,0,0,21.88
504,train,1,real,original,317,64,0,0,19.44
361,train,2,real,original,455,40,51,0,25.4
613,val,1,real,original,415,83,0,0,10.16
549,test,1,real,original,624,125,0,0,42.61
927_912,train,1,fake,NeuralTextures,647,130,0,0,26.39
936_931,val,1,fake,NeuralTextures,297,99,0,0,13.19
729,train,1,real,original,636,128,0,0,20.73
756_503,train,1,fake,Face2Face,674,135,0,0,29.07
550_452,train,1,fake,Face2Face,606,122,0,0,19.85
178,train,2,real,original,521,105,0,0,13.0
480,train,2,real,original,485,90,7,0,25.61
098_092,train,1,fake,FaceSwap,299,100,0,0,13.67
221_206,train,1,fake,NeuralTextures,714,72,0,0,33.14
363,test,1,real,original,473,95,0,0,13.91
229,train,2,real,original,392,65,14,0,12.42
237,train,1,real,original,757,76,0,0,26.85
716,train,2,real,original,628,126,0,0,15.18
180_105,train,1,fake,Face2Face,300,60,0,0,14.17
986_994,test,1,fake,NeuralTextures,316,64,0,0,16.55
793,train,2,real,original,590,118,0,0,41.65
173_171,train,1,fake,Face2Face,541,104,5,0,37.59
235,val,1,real,original,312,63,0,0,9.5
741,train,2,real,original,370,74,0,0,5.16
166_167,test,1,fake,NeuralTextures,341,69,0,0,3.76
254,train,2,real,original,427,86,0,0,29.35
003,val,1,real,original,303,60,1,0,6.11
802_885,train,1,fake,NeuralTextures,329,66,0,0,14.79
306_278,train,1,fake,Face2Face,449,90,0,0,13.9
812,train,1,real,original,433,77,10,0,11.6
493,train,1,real,original,395,79,0,0,17.54
161_141,val,1,fake,FaceSwap,369,74,0,0,8.41
191_188,train,1,fake,FaceSwap,310,62,0,0,30.89
527,train,1,real,original,342,69,0,0,14.75
992,test,1,real,original,718,72,0,0,10.72
456_435,train,1,fake,NeuralTextures,476,96,0,0,35.41
785,train,2,real,original,413,83,0,0,9.06
912,train,2,real,original,647,130,0,0,18.14
760,train,2,real,original,306,62,0,0,8.23
116_091,train,1,fake,NeuralTextures,327,66,0,0,14.17
244_822,train,1,fake,NeuralTextures,297,99,0,0,50.56
249_280,train,1,fake,Face2Face,606,93,29,0,26.27
018,train,2,real,original,432,87,0,0,7.21
145,train,1,real,original,475,95,0,0,16.32
798,val,1,real,original,371,75,0,0,38.53
897_969,train,1,fake,Deepfakes,333,67,0,0,10.96
922_898,train,1,fake,FaceSwap,349,70,0,0,9.6
985_981,train,1,fake,Face2Face,372,75,0,0,15.43
617,train,1,real,original,312,63,0,0,10.6
840_800,train,1,fake,FaceSwap,338,68,0,0,14.28
886_877,train,1,fake,FaceSwap,525,105,0,0,23.35
010,train,1,real,original,474,95,0,0,17.03
055_147,train,1,fake,Deepfakes,394,79,0,0,15.44
167_166,test,1,fake,FaceSwap,341,69,0,0,10.24
897,train,2,real,original,333,67,0,0,12.19
657_644,train,1,fake,FaceSwap,413,83,0,0,10.94
731_741,train,1,fake,FaceSwap,370,74,0,0,13.67
722,train,1,real,original,396,80,0,0,28.76
774,train,1,real,original,313,63,0,0,6.3
249,train,2,real,original,632,120,7,0,21.2
869,train,1,real,original,333,67,0,0,45.07
324_356,train,1,fake,NeuralTextures,558,112,0,0,21.52
616,test,1,real,original,663,124,9,0,14.01
923_023,train,1,fake,Deepfakes,602,121,0,0,39.37
903,train,1,real,original,567,114,0,0,15.66
152_149,train,1,fake,FaceSwap,313,63,0,0,12.68
350_349,train,1,fake,FaceSwap,405,81,0,0,22.06
365,train,2,real,original,369,74,0,0,13.68
085_124,train,1,fake,NeuralTextures,318,64,0,0,14.79
317,train,2,real,original,682,137,0,0,24.09
082,train,2,real,original,316,64,0,0,8.63
264,train,2,real,original,455,91,0,0,28.55
400,train,1,real,original,357,30,42,0,21.37
313,train,2,real,original,481,97,0,0,13.97
489_022,train,1,fake,FaceSwap,325,61,4,0,16.36
120_118,train,1,fake,NeuralTextures,352,71,0,0,14.4
305,val,2,real,original,843,85,0,0,32.49
618,test,1,real,original,382,77,0,0,19.65
901,train,2,real,original,523,76,29,0,23.1
420,train,2,real,original,1126,113,0,0,24.01
710,train,2,real,original,378,76,0,0,12.44
535_587,train,1,fake,Deepfakes,667,134,0,0,24.47
169,val,1,real,original,649,130,0,0,17.44
368,train,2,real,original,761,77,0,0,27.34
838_810,train,1,fake,NeuralTextures,457,92,0,0,31.35
484,val,2,real,original,319,64,0,0,6.27
828,test,1,real,original,319,64,0,0,3.42
273,test,1,real,original,322,65,0,0,15.32
917_924,train,1,fake,Face2Face,1248,125,0,0,36.61
010_005,train,1,fake,Deepfakes,474,95,0,0,31.07
951,train,1,real,original,1176,118,0,0,47.7
005_010,train,1,fake,Deepfakes,385,77,0,0,19.52
622_647,train,1,fake,Deepfakes,371,75,0,0,17.76
379,test,1,real,original,341,69,0,0,7.71
416,val,1,real,original,313,35,28,0,15.38
306_278,train,1,fake,FaceSwap,449,90,0,0,10.25
853,train,2,real,original,616,124,0,0,37.54
671_677,test,1,fake,FaceSwap,314,42,21,0,12.07
521,val,2,real,original,304,61,0,0,7.27
407_374,train,1,fake,FaceSwap,504,101,0,0,19.61
384_932,train,1,fake,Deepfakes,462,93,0,0,40.18
632,train,2,real,original,427,86,0,0,41.95
155_576,train,1,fake,Deepfakes,829,83,0,0,31.14
600,train,1,real,original,388,78,0,0,12.64
041_063,train,1,fake,Deepfakes,349,70,0,0,12.44
917_924,train,1,fake,Deepfakes,448,90,0,0,17.08
939_115,train,1,fake,NeuralTextures,320,64,0,0,9.6
408,val,2,real,original,306,62,0,0,7.53
657_644,train,1,fake,Deepfakes,546,110,0,0,18.64
938,val,1,real,original,369,74,0,0,6.26
226_491,train,1,fake,FaceSwap,328,66,0,0,16.34
026_012,train,1,fake,Deepfakes,322,64,1,0,8.89
141,val,1,real,original,508,102,0,0,11.3
668,train,1,real,original,398,80,0,0,15.61
501_326,train,1,fake,FaceSwap,522,105,0,0,23.38
601_653,train,1,fake,NeuralTextures,364,73,0,0,7.99
538_493,train,1,fake,Face2Face,395,79,0,0,21.76
090_086,train,1,fake,Deepfakes,687,138,0,0,52.92
467,train,2,real,original,423,85,0,0,12.89
130,train,1,real,original,662,133,0,0,21.9
183,train,1,real,original,390,78,0,0,16.34
979,train,2,real,original,335,67,0,0,13.44
186_170,train,1,fake,FaceSwap,334,20,47,0,37.79
267,train,1,real,original,306,62,0,0,18.61
861,train,2,real,original,594,119,0,0,21.45
292_294,train,1,fake,NeuralTextures,425,85,0,0,30.23
560,train,2,real,original,349,70,0,0,7.49
329_327,train,1,fake,Face2Face,495,99,0,0,16.55
690,train,2,real,original,331,67,0,0,17.99
741_731,train,1,fake,Face2Face,778,78,0,0,28.14
876,train,2,real,original,313,63,0,0,13.51
292,train,2,real,original,425,85,0,0,18.51
036_035,train,1,fake,NeuralTextures,337,23,45,0,8.75
491,train,2,real,original,427,86,0,0,41.36
682,train,1,real,original,965,97,0,0,21.0
377_333,train,1,fake,NeuralTextures,398,80,0,0,22.48
478,train,1,real,original,749,75,0,0,20.17
354,train,2,real,original,460,92,0,0,29.42
710_788,train,1,fake,Deepfakes,378,76,0,0,20.88
891,train,2,real,original,296,99,0,0,20.88
879,train,2,real,original,839,84,0,0,22.5
823,train,1,real,original,672,135,0,0,37.4
326_501,train,1,fake,Face2Face,522,105,0,0,21.23
322,test,1,real,original,313,63,0,0,16.59
653,train,1,real,original,731,74,0,0,11.73
056,train,1,real,original,373,75,0,0,16.03
205,val,1,real,original,307,62,0,0,9.29
151,train,1,real,original,347,70,0,0,18.25
898_922,train,1,fake,NeuralTextures,349,70,0,0,23.95
686,test,1,real,original,342,69,0,0,18.07
765,train,2,real,original,388,78,0,0,6.71
000,val,1,real,original,396,80,0,0,11.68
329_327,train,1,fake,FaceSwap,415,83,0,0,17.88
194_235,val,1,fake,NeuralTextures,312,63,0,0,4.72
375,train,1,real,original,353,62,9,0,15.97
968_884,train,1,fake,NeuralTextures,300,60,0,0,19.36
776_676,train,1,fake,Face2Face,515,97,6,0,65.24
409,train,1,real,original,361,73,0,0,9.31
612,train,2,real,original,420,84,0,0,28.43
821,train,2,real,original,423,85,0,0,11.5
750_743,train,1,fake,NeuralTextures,311,60,3,0,49.37
690_689,train,1,fake,NeuralTextures,331,67,0,0,17.52
790_014,train,1,fake,Deepfakes,690,55,83,0,39.57
009,train,1,real,original,588,118,0,0,11.43
523,train,2,real,original,375,75,0,0,12.08
995,train,1,real,original,548,110,0,0,14.41
318_334,train,1,fake,Face2Face,1339,134,0,0,33.86
015,train,2,real,original,437,88,0,0,10.03
140,train,1,real,original,485,97,0,0,15.16
556,train,2,real,original,372,61,14,0,11.0
568_628,train,1,fake,NeuralTextures,570,114,0,0,22.59
621,val,2,real,original,370,74,0,0,13.87
542,train,1,real,original,320,64,0,0,15.89
996,train,1,real,original,312,63,0,0,10.21
455_471,train,1,fake,NeuralTextures,370,74,0,0,19.2
885,train,1,real,original,329,66,0,0,10.32
345,train,2,real,original,423,85,0,0,12.41
124_085,train,1,fake,Deepfakes,318,64,0,0,18.71
111,train,2,real,original,433,87,0,0,12.91
433,val,2,real,original,532,107,0,0,19.86
660_634,train,1,fake,NeuralTextures,338,68,0,0,33.15
421_423,train,1,fake,Deepfakes,1038,104,0,0,35.74
712,train,2,real,original,550,110,0,0,25.92
231,train,1,real,original,573,115,0,0,15.86
917,train,2,real,original,448,90,0,0,16.1
005,train,1,real,original,385,77,0,0,12.99
909_857,train,1,fake,FaceSwap,637,127,1,0,34.86
464,test,1,real,original,404,81,0,0,11.01
440_364,train,1,fake,Deepfakes,419,84,0,0,22.37
003_000,val,1,fake,FaceSwap,303,61,0,0,9.61
212_179,train,1,fake,Deepfakes,415,83,0,0,22.45
514_443,train,1,fake,Deepfakes,361,73,0,0,18.22
739_865,val,1,fake,Face2Face,347,70,0,0,10.97
313_283,train,1,fake,NeuralTextures,481,97,0,0,27.21
218_239,train,1,fake,Face2Face,588,118,0,0,26.28
035,train,2,real,original,423,85,0,0,7.92
761,train,1,real,original,343,69,0,0,11.98
281,test,1,real,original,309,62,0,0,14.0
230,val,1,real,original,372,75,0,0,15.03
400_476,train,1,fake,Deepfakes,357,27,45,0,20.01
452_550,train,1,fake,Deepfakes,606,122,0,0,23.42
249_280,train,1,fake,FaceSwap,606,113,9,0,32.0
966,train,1,real,original,364,73,0,0,10.94
159,test,1,real,original,325,65,0,0,4.98
122,train,2,real,original,309,62,0,0,13.56
884,train,2,real,original,343,65,4,0,15.05
197,train,1,real,original,880,88,0,0,23.15
676_776,train,1,fake,Face2Face,331,67,0,0,26.59
306_278,train,1,fake,NeuralTextures,449,90,0,0,27.27
877,train,2,real,original,570,114,0,0,25.26
474,train,2,real,original,296,99,0,0,7.2
342,train,1,real,original,302,61,0,0,18.58
407_374,train,1,fake,NeuralTextures,504,101,0,0,24.99
396_272,train,1,fake,FaceSwap,323,65,0,0,31.27
862,train,2,real,original,470,94,0,0,26.91
194_235,val,1,fake,Face2Face,312,63,0,0,7.9
377_333,train,1,fake,Face2Face,429,86,0,0,22.74
630,train,1,real,original,423,76,9,0,13.86
395_401,train,1,fake,FaceSwap,448,39,51,0,26.99
026_012,train,1,fake,Face2Face,363,72,1,0,15.04
260,train,1,real,original,302,61,0,0,14.13
466_428,train,1,fake,FaceSwap,334,36,31,0,23.26
632_548,train,1,fake,Face2Face,573,115,0,0,74.46
519,val,2,real,original,751,76,0,0,15.4
528_510,train,1,fake,NeuralTextures,340,68,0,0,18.99
120,train,1,real,original,405,81,0,0,14.92
077,train,1,real,original,611,123,0,0,16.88
639,train,1,real,original,662,133,0,0,35.44
690_689,train,1,fake,FaceSwap,331,67,0,0,22.21
425,train,2,real,original,336,68,0,0,10.73
591,test,1,real,original,541,109,0,0,28.44
452_550,train,1,fake,NeuralTextures,444,89,0,0,19.87
429,test,2,real,original,457,92,0,0,6.75
201,train,2,real,original,863,87,0,0,22.01
770,train,2,real,original,653,131,0,0,30.3
449,train,1,real,original,306,32,30,0,11.38
557_560,train,1,fake,Face2Face,349,69,1,0,20.61
596,train,1,real,original,557,112,0,0,16.33
861_858,train,1,fake,Deepfakes,594,119,0,0,38.23
293,train,1,real,original,758,76,0,0,20.78
047,train,1,real,original,319,64,0,0,7.34
572,train,1,real,original,347,65,5,0,23.33
041,train,1,real,original,349,70,0,0,9.05
189,train,1,real,original,512,103,0,0,21.3
163,test,1,real,original,304,61,0,0,15.16
140_143,train,1,fake,Face2Face,414,83,0,0,22.01
432,test,2,real,original,360,72,0,0,4.46
077_100,train,1,fake,NeuralTextures,423,85,0,0,23.37
912_927,train,1,fake,Deepfakes,647,130,0,0,38.79
614,train,2,real,original,507,102,0,0,21.95
142,test,1,real,original,962,97,0,0,18.71
306,train,1,real,original,728,73,0,0,19.2
557,train,1,real,original,509,101,1,0,17.49
578,train,2,real,original,564,113,0,0,26.39
506,train,2,real,original,668,134,0,0,20.65
755,train,1,real,original,336,68,0,0,6.67
719_737,train,1,fake,NeuralTextures,369,74,0,0,16.06
710_788,train,1,fake,FaceSwap,378,76,0,0,21.45
942,train,1,real,original,495,99,0,0,28.88
345_259,train,1,fake,NeuralTextures,423,85,0,0,29.78
290_240,train,1,fake,Deepfakes,422,85,0,0,21.41
919_015,train,1,fake,NeuralTextures,437,51,37,0,12.75
730,val,1,real,original,719,72,0,0,35.92
449_451,train,1,fake,Deepfakes,306,32,30,0,22.85
155,train,2,real,original,829,83,0,0,30.83
167,test,2,real,original,341,69,0,0,8.61
914,train,1,real,original,307,62,0,0,6.16
973,val,1,real,original,533,107,0,0,12.48
712_716,train,1,fake,FaceSwap,550,110,0,0,43.38
922,train,2,real,original,616,124,0,0,19.94
001_870,train,1,fake,FaceSwap,460,92,0,0,38.84
098,train,2,real,original,299,100,0,0,11.7
956,val,2,real,original,542,109,0,0,17.98
125_038,train,1,fake,FaceSwap,305,61,0,0,31.29
057,test,2,real,original,431,87,0,0,10.66
644_657,train,2,fake,NeuralTextures,413,83,0,0,9.71
066,train,1,real,original,435,87,0,0,15.45
677,test,2,real,original,314,50,13,0,15.01
732_691,train,2,fake,FaceSwap,426,86,0,0,10.61
867,test,1,real,original,1489,149,0,0,41.19
623,test,2,real,original,352,71,0,0,4.44
837,train,2,real,original,443,89,0,0,32.41
215_208,train,1,fake,Face2Face,465,93,0,0,25.26
134,train,1,real,original,346,70,0,0,21.96
811,val,2,real,original,542,34,75,0,36.2
116_091,train,2,fake,Deepfakes,327,66,0,0,3.47
601,train,2,real,original,364,73,0,0,10.63
560_557,train,1,fake,FaceSwap,349,70,0,0,20.3
554_572,train,1,fake,FaceSwap,347,70,0,0,35.71
895_915,train,1,fake,Face2Face,352,71,0,0,17.97
635,train,1,real,original,764,77,0,0,15.89
368_378,train,1,fake,Deepfakes,761,77,0,0,33.07
195_442,train,1,fake,NeuralTextures,333,67,0,0,24.9
310,train,1,real,original,375,75,0,0,27.64
622_647,train,1,fake,FaceSwap,371,75,0,0,33.21
149_152,train,1,fake,FaceSwap,313,63,0,0,23.26
720_672,train,1,fake,NeuralTextures,541,109,0,0,28.61
504_502,train,1,fake,FaceSwap,317,64,0,0,21.75
877_886,train,1,fake,FaceSwap,525,105,0,0,44.72
943_942,train,1,fake,NeuralTextures,470,94,0,0,37.78
138,train,1,real,original,410,82,0,0,9.29
107_109,train,2,fake,FaceSwap,298,100,0,0,10.59
001,train,1,real,original,460,92,0,0,20.4
707,train,2,real,original,1034,104,0,0,26.06
632_548,train,1,fake,FaceSwap,427,86,0,0,61.34
991_064,train,2,fake,FaceSwap,402,75,6,0,10.65
712_716,train,2,fake,NeuralTextures,550,110,0,0,19.61
818_820,train,2,fake,Deepfakes,466,43,51,0,11.89
840_800,train,1,fake,Face2Face,338,68,0,0,13.26
244,train,2,real,original,557,112,0,0,45.14
092_098,train,2,fake,Deepfakes,460,92,0,0,9.88
134_192,train,1,fake,Face2Face,287,96,0,0,27.47
499,train,1,real,original,514,103,0,0,24.49
913,test,2,real,original,634,127,0,0,13.78
628_568,train,2,fake,NeuralTextures,570,114,0,0,14.69
321_288,train,2,fake,FaceSwap,543,109,0,0,15.46
719_737,train,1,fake,FaceSwap,369,74,0,0,18.63
559,train,1,real,original,334,67,0,0,23.76
381_376,train,2,fake,FaceSwap,515,103,0,0,11.55
750,train,2,real,original,441,87,2,0,40.98
685_613,val,1,fake,NeuralTextures,415,83,0,0,18.75
942_943,train,1,fake,Deepfakes,495,99,0,0,36.97
936,val,2,real,original,297,99,0,0,9.26
308,train,1,real,original,502,101,0,0,32.41
993_989,train,2,fake,Deepfakes,409,82,0,0,6.23
301,train,1,real,original,763,77,0,0,23.94
133_148,train,2,fake,Face2Face,475,95,0,0,8.43
550_452,train,1,fake,FaceSwap,444,89,0,0,19.15
105_180,train,1,fake,FaceSwap,300,60,0,0,10.55
406_391,train,1,fake,Face2Face,547,110,0,0,23.62
289,train,1,real,original,597,120,0,0,14.09
022_489,train,1,fake,FaceSwap,325,65,0,0,26.38
222_168,train,1,fake,Deepfakes,407,82,0,0,19.23
316_369,train,2,fake,Deepfakes,566,114,0,0,10.31
035_036,train,1,fake,Deepfakes,423,85,0,0,24.65
476_400,train,1,fake,Face2Face,357,46,26,0,11.72
261_254,train,1,fake,NeuralTextures,427,86,0,0,18.44
558,test,2,real,original,535,107,0,0,18.86
443,train,1,real,original,1146,115,0,0,31.48
587_535,train,1,fake,Deepfakes,626,126,0,0,30.42
140_143,train,1,fake,FaceSwap,414,83,0,0,17.66
524,train,2,real,original,527,106,0,0,17.3
283_313,train,2,fake,FaceSwap,481,97,0,0,9.32
787,val,2,real,original,502,101,0,0,9.33
538_493,train,1,fake,FaceSwap,395,79,0,0,23.55
443_514,train,1,fake,Deepfakes,1146,115,0,0,52.92
989,train,2,real,original,960,96,0,0,35.69
721,test,1,real,original,581,117,0,0,14.24
280_249,train,2,fake,NeuralTextures,606,121,1,0,20.27
859_843,train,2,fake,Deepfakes,333,67,0,0,9.2
988_966,train,1,fake,Face2Face,364,73,0,0,19.09
456_435,train,1,fake,Face2Face,476,96,0,0,46.41
800_840,train,1,fake,FaceSwap,338,68,0,0,24.91
013_883,train,2,fake,Deepfakes,332,67,0,0,8.92
666,train,2,real,original,383,77,0,0,8.53
318_334,train,1,fake,NeuralTextures,475,95,0,0,22.45
958_956,val,1,fake,Deepfakes,392,79,0,0,9.95
967,val,2,real,original,412,83,0,0,23.31
244_822,train,1,fake,Deepfakes,557,112,0,0,76.19
912_927,train,1,fake,Face2Face,697,140,0,0,36.33
332,test,2,real,original,695,139,0,0,38.55
942_943,train,1,fake,FaceSwap,470,94,0,0,36.8
496_417,train,1,fake,Deepfakes,1496,150,0,0,67.96
964,test,1,real,original,451,91,0,0,6.94
348,test,2,real,original,414,83,0,0,9.13
599_585,train,2,fake,FaceSwap,359,72,0,0,19.87
279_298,train,1,fake,Face2Face,569,114,0,0,27.18
364_440,train,2,fake,NeuralTextures,419,84,0,0,15.62
969,train,1,real,original,356,72,0,0,12.12
727_729,train,1,fake,NeuralTextures,554,25,86,0,22.06
870_001,train,2,fake,Face2Face,460,92,0,0,28.02
208_215,train,2,fake,FaceSwap,465,47,46,0,11.61
107_109,train,2,fake,Deepfakes,556,112,0,0,17.0
585_599,train,1,fake,FaceSwap,359,42,30,0,28.41
742_775,train,2,fake,NeuralTextures,559,109,3,0,13.87
877_886,train,1,fake,NeuralTextures,525,105,0,0,45.14
353_383,train,2,fake,FaceSwap,358,72,0,0,22.68
737_719,train,2,fake,Face2Face,402,81,0,0,12.31
300,test,2,real,original,598,120,0,0,15.25
707_705,train,1,fake,FaceSwap,473,95,0,0,26.71
350_349,train,2,fake,Deepfakes,405,81,0,0,17.24
962_929,train,2,fake,NeuralTextures,460,92,0,0,15.82
799,train,2,real,original,1227,123,0,0,64.66
984,train,2,real,original,339,66,2,0,17.92
158,train,2,real,original,444,89,0,0,12.71
341_340,train,1,fake,Deepfakes,827,83,0,0,42.21
390,val,1,real,original,809,81,0,0,41.83
659,train,2,real,original,1001,62,39,0,31.97
167_166,test,1,fake,Face2Face,756,76,0,0,25.73
486,val,2,real,original,564,113,0,0,12.7
447_431,train,1,fake,Face2Face,616,124,0,0,30.99
560_557,train,2,fake,NeuralTextures,349,70,0,0,9.25
017_803,train,1,fake,Deepfakes,398,71,9,0,32.92
609,train,2,real,original,489,98,0,0,18.2
689_690,train,1,fake,NeuralTextures,331,67,0,0,17.4
788_710,train,2,fake,Deepfakes,534,107,0,0,9.9
604,test,2,real,original,825,83,0,0,41.09
377_333,train,1,fake,Deepfakes,398,80,0,0,22.53
071,test,2,real,original,453,91,0,0,12.53
457_398,train,1,fake,FaceSwap,528,106,0,0,26.93
368_378,train,2,fake,NeuralTextures,761,77,0,0,23.22
959_957,train,2,fake,NeuralTextures,418,56,28,0,38.19
261,train,2,real,original,677,136,0,0,21.24
278_306,train,2,fake,FaceSwap,449,90,0,0,10.52
949_868,train,1,fake,NeuralTextures,431,87,0,0,25.88
737_719,train,1,fake,Deepfakes,369,74,0,0,21.07
148_133,train,1,fake,Deepfakes,475,95,0,0,19.23
839_864,train,2,fake,FaceSwap,326,66,0,0,11.15
375_251,train,2,fake,Deepfakes,353,63,8,0,24.95
742_775,train,2,fake,FaceSwap,559,111,1,0,13.99
317_359,train,2,fake,Deepfakes,682,137,0,0,24.58
356_324,train,1,fake,Face2Face,1249,125,0,0,81.56
661_670,train,2,fake,Face2Face,481,97,0,0,31.05
962_929,train,1,fake,Face2Face,462,93,0,0,22.99
447_431,train,1,fake,FaceSwap,326,66,0,0,19.66
290_240,train,1,fake,NeuralTextures,422,85,0,0,19.45
716_712,train,2,fake,Deepfakes,628,126,0,0,14.69
660_634,train,1,fake,FaceSwap,338,68,0,0,27.85
298,train,1,real,original,569,114,0,0,22.96
396_272,train,1,fake,Face2Face,323,65,0,0,28.57
473,test,2,real,original,574,115,0,0,13.1
222,train,1,real,original,407,82,0,0,10.18
732_691,train,2,fake,NeuralTextures,426,86,0,0,17.17
658,test,2,real,original,404,81,0,0,6.89
900_926,train,1,fake,NeuralTextures,333,67,0,0,7.49
220,test,2,real,original,357,72,0,0,8.24
125_038,train,1,fake,Face2Face,305,61,0,0,22.43
698,val,2,real,original,304,61,0,0,10.64
096,val,1,real,original,504,101,0,0,51.18
898_922,train,1,fake,FaceSwap,349,70,0,0,20.01
877_886,train,2,fake,Face2Face,525,105,0,0,30.67
179_212,train,1,fake,Deepfakes,1260,126,0,0,51.52
466,train,2,real,original,334,40,27,0,14.91
406,train,2,real,original,512,103,0,0,9.48
726_713,train,2,fake,FaceSwap,410,82,0,0,43.12
374_407,train,1,fake,Face2Face,504,101,0,0,46.64
406_391,train,1,fake,Deepfakes,512,103,0,0,20.2
301_262,train,1,fake,FaceSwap,397,80,0,0,23.16
014_790,train,2,fake,NeuralTextures,676,136,0,0,18.84
122_144,train,2,fake,FaceSwap,309,62,0,0,28.01
041_063,train,1,fake,Face2Face,930,93,0,0,39.44
981_985,train,1,fake,Face2Face,343,69,0,0,16.79
236_237,train,2,fake,NeuralTextures,651,131,0,0,30.23
939_115,train,2,fake,Face2Face,320,64,0,0,11.11
901_902,train,2,fake,Face2Face,295,76,23,0,24.68
499_539,train,2,fake,Face2Face,313,63,0,0,22.53
094,test,1,real,original,559,112,0,0,27.9
156_243,val,2,fake,FaceSwap,387,78,0,0,7.35
888_937,train,2,fake,FaceSwap,307,62,0,0,11.72
750_743,train,2,fake,FaceSwap,311,61,2,0,34.23
981_985,train,2,fake,NeuralTextures,343,69,0,0,16.71
537_563,train,2,fake,FaceSwap,385,77,0,0,23.42
288_321,train,2,fake,Face2Face,567,114,0,0,20.82
901_902,train,2,fake,FaceSwap,295,74,25,0,21.77
528_510,train,2,fake,Deepfakes,377,76,0,0,17.06
375_251,train,2,fake,Face2Face,346,62,8,0,18.74
606,train,1,real,original,387,78,0,0,8.59
161_141,val,2,fake,NeuralTextures,369,74,0,0,8.14
320_328,train,2,fake,Face2Face,319,40,24,0,18.6
040_997,train,1,fake,Face2Face,438,88,0,0,25.4
677_671,test,1,fake,NeuralTextures,314,40,23,0,18.63
122_144,train,1,fake,Deepfakes,309,61,1,0,19.0
261_254,train,1,fake,Face2Face,427,86,0,0,15.92
572_554,train,2,fake,NeuralTextures,347,65,5,0,24.18
377,train,2,real,original,398,80,0,0,9.01
873,train,2,real,original,884,89,0,0,45.26
940,train,3,real,original,309,62,0,0,7.45
493_538,train,2,fake,NeuralTextures,395,79,0,0,17.79
159_175,test,2,fake,Face2Face,504,101,0,0,10.77
651_835,train,1,fake,NeuralTextures,380,76,0,0,25.66
644_657,train,1,fake,FaceSwap,413,83,0,0,17.98
968_884,train,2,fake,Face2Face,343,69,0,0,25.88
857_909,train,2,fake,Deepfakes,640,128,0,0,26.13
888,train,3,real,original,307,62,0,0,3.53
130_139,train,2,fake,Face2Face,378,76,0,0,18.85
133_148,train,1,fake,FaceSwap,475,95,0,0,17.71
153,train,2,real,original,732,74,0,0,25.08
050,train,1,real,original,530,106,0,0,11.95
134_192,train,1,fake,NeuralTextures,287,96,0,0,15.23
499_539,train,2,fake,FaceSwap,313,63,0,0,23.8
937_888,train,2,fake,Deepfakes,455,91,0,0,23.57
556_588,train,2,fake,Face2Face,544,92,17,0,23.94
141_161,val,2,fake,Face2Face,369,74,0,0,9.71
530_594,train,2,fake,NeuralTextures,294,98,0,0,23.07
203,test,2,real,original,446,90,0,0,16.64
942_943,train,2,fake,NeuralTextures,470,94,0,0,27.13
626,train,2,real,original,975,98,0,0,26.39
783_916,train,1,fake,Face2Face,484,97,0,0,25.47
023_923,train,2,fake,NeuralTextures,553,111,0,0,23.98
085,train,3,real,original,329,66,0,0,9.03
398_457,train,1,fake,Deepfakes,582,117,0,0,13.62
576_155,train,1,fake,FaceSwap,461,93,0,0,33.97
301_262,train,2,fake,Deepfakes,763,77,0,0,26.8
996_056,train,2,fake,NeuralTextures,312,63,0,0,13.13
229_247,train,2,fake,Deepfakes,392,65,14,0,12.86
335_277,train,1,fake,Deepfakes,384,77,0,0,21.87
966_988,train,2,fake,Deepfakes,364,73,0,0,12.61
943_942,train,2,fake,Deepfakes,470,94,0,0,30.1
012,train,3,real,original,363,35,38,0,9.36
861_858,train,2,fake,FaceSwap,483,97,0,0,22.29
457_398,train,1,fake,NeuralTextures,528,106,0,0,19.08
053,train,2,real,original,417,84,0,0,9.54
911_910,train,2,fake,Deepfakes,329,66,0,0,26.63
922_898,train,2,fake,Face2Face,349,70,0,0,13.78
994,test,2,real,original,316,64,0,0,5.84
309_303,train,2,fake,Deepfakes,850,85,0,0,29.22
986_994,test,2,fake,Face2Face,316,64,0,0,11.41
003_000,val,2,fake,Face2Face,396,80,0,0,7.37
028_068,train,2,fake,FaceSwap,401,81,0,0,21.18
431,train,3,real,original,616,50,74,0,19.21
407,train,3,real,original,504,101,0,0,14.75
470,test,2,real,original,905,91,0,0,23.84
321_288,train,1,fake,NeuralTextures,543,109,0,0,19.87
272,train,3,real,original,323,65,0,0,10.16
237_236,train,1,fake,Deepfakes,757,76,0,0,28.67
609_596,train,2,fake,Face2Face,557,112,0,0,24.51
582_172,train,2,fake,NeuralTextures,431,87,0,0,21.64
435_456,train,2,fake,Deepfakes,476,96,0,0,19.48
932_384,train,2,fake,FaceSwap,462,93,0,0,29.09
288_321,train,2,fake,FaceSwap,543,109,0,0,20.4
498,train,3,real,original,317,64,0,0,9.18
335_277,train,1,fake,NeuralTextures,384,77,0,0,25.28
209_016,train,2,fake,NeuralTextures,337,68,0,0,19.36
997_040,train,2,fake,NeuralTextures,438,88,0,0,14.89
978,test,2,real,original,757,76,0,0,32.52
665,test,2,real,original,324,65,0,0,5.09
609_596,train,1,fake,FaceSwap,489,98,0,0,17.21
492_325,train,2,fake,NeuralTextures,347,70,0,0,24.05
249_280,train,2,fake,NeuralTextures,606,77,45,0,25.29
682_669,train,1,fake,Deepfakes,965,97,0,0,20.85
661_670,train,1,fake,Deepfakes,513,103,0,0,27.41
571,train,3,real,original,576,116,0,0,27.66
703,train,3,real,original,375,75,0,0,24.61
928_160,train,2,fake,NeuralTextures,376,76,0,0,35.79
958_956,val,2,fake,FaceSwap,392,79,0,0,8.04
303,train,3,real,original,571,115,0,0,14.71
962,train,3,real,original,460,92,0,0,11.76
802_885,train,2,fake,Face2Face,329,66,0,0,19.92
258,train,2,real,original,498,100,0,0,16.34
424,train,3,real,original,311,63,0,0,10.21
027,test,3,real,original,315,63,0,0,11.57
100_077,train,2,fake,Face2Face,611,123,0,0,30.01
838_810,train,1,fake,Face2Face,1052,106,0,0,52.38
233,test,2,real,original,675,135,0,0,32.73
210_241,train,1,fake,Face2Face,292,98,0,0,12.25
830,val,3,real,original,511,103,0,0,15.93
139_130,train,2,fake,Face2Face,662,133,0,0,27.2
131,val,2,real,original,306,62,0,0,5.85
124,train,3,real,original,318,64,0,0,9.98
155_576,train,2,fake,NeuralTextures,461,93,0,0,21.06
406_391,train,2,fake,FaceSwap,512,103,0,0,20.47
434,train,3,real,original,337,68,0,0,7.65
612_702,train,2,fake,NeuralTextures,420,84,0,0,34.62
989_993,train,2,fake,NeuralTextures,409,82,0,0,18.03
898,train,3,real,original,349,70,0,0,12.92
512,val,3,real,original,750,75,0,0,20.59
599,train,3,real,original,398,80,0,0,24.43
517,test,2,real,original,373,38,37,0,12.29
788_710,train,1,fake,NeuralTextures,378,76,0,0,9.09
861_858,train,2,fake,NeuralTextures,483,97,0,0,26.76
560_557,train,2,fake,Deepfakes,349,70,0,0,14.62
376,train,1,real,original,515,103,0,0,25.87
845_846,train,3,fake,FaceSwap,353,71,0,0,10.37
390_709,val,2,fake,Deepfakes,809,81,0,0,32.8
212,train,3,real,original,415,83,0,0,14.84
270,test,2,real,original,311,63,0,0,6.98
868_949,train,2,fake,Face2Face,686,138,0,0,27.95
628_568,train,2,fake,Deepfakes,895,90,0,0,34.12
929_962,train,3,fake,NeuralTextures,460,22,70,0,9.53
578_636,train,2,fake,Face2Face,335,67,0,0,24.01
189_200,train,2,fake,Deepfakes,512,103,0,0,26.47
509_525,train,2,fake,Deepfakes,563,113,0,0,28.69
199_181,train,1,fake,Deepfakes,368,74,0,0,19.01
023,train,3,real,original,553,111,0,0,19.73
868_949,train,2,fake,FaceSwap,431,87,0,0,22.55
557_560,train,2,fake,FaceSwap,349,70,0,0,17.02
179_212,train,3,fake,NeuralTextures,415,83,0,0,10.18
739_865,val,2,fake,Deepfakes,304,61,0,0,12.52
294_292,train,2,fake,Deepfakes,604,121,0,0,45.45
568_628,train,3,fake,FaceSwap,570,114,0,0,11.45
518,train,3,real,original,295,99,0,0,12.29
087,val,3,real,original,309,62,0,0,9.19
120_118,train,2,fake,Face2Face,352,71,0,0,19.18
845_846,train,2,fake,Deepfakes,356,72,0,0,18.93
910_911,train,2,fake,NeuralTextures,292,98,0,0,24.19
451,train,3,real,original,383,77,0,0,20.36
900_926,train,3,fake,Face2Face,333,67,0,0,6.54
504_502,train,2,fake,Face2Face,317,64,0,0,24.96
307,train,3,real,original,378,76,0,0,8.78
016_209,train,2,fake,FaceSwap,337,68,0,0,14.2
669_682,train,2,fake,FaceSwap,489,98,0,0,20.88
554,train,3,real,original,828,83,0,0,33.58
502_504,train,2,fake,FaceSwap,317,64,0,0,25.36
283_313,train,3,fake,Face2Face,481,97,0,0,15.99
696,val,3,real,original,405,81,0,0,11.08
292_294,train,2,fake,FaceSwap,425,85,0,0,30.97
105,train,3,real,original,300,60,0,0,3.86
504_502,train,1,fake,NeuralTextures,317,64,0,0,15.02
783_916,train,3,fake,NeuralTextures,403,81,0,0,15.65
218_239,train,2,fake,NeuralTextures,353,71,0,0,16.68
024,train,3,real,original,306,58,4,0,3.63
384_932,train,1,fake,Face2Face,484,97,0,0,35.91
202,train,3,real,original,323,65,0,0,7.99
000_003,val,2,fake,FaceSwap,303,61,0,0,10.84
574,test,3,real,original,507,102,0,0,19.02
854_747,test,2,fake,FaceSwap,294,98,0,0,15.22
783,train,3,real,original,403,81,0,0,13.8
242,train,3,real,original,331,67,0,0,5.97
017_803,train,2,fake,Face2Face,297,90,9,0,31.58
298_279,train,2,fake,Deepfakes,569,114,0,0,26.28
417_496,train,2,fake,NeuralTextures,861,87,0,0,37.59
846,train,3,real,original,353,71,0,0,12.9
222_168,train,2,fake,NeuralTextures,407,82,0,0,23.11
674,val,3,real,original,367,74,0,0,9.68
318_334,train,1,fake,Deepfakes,475,95,0,0,11.79
156,val,3,real,original,518,104,0,0,16.28
013_883,train,2,fake,Face2Face,433,87,0,0,23.38
307_365,train,3,fake,NeuralTextures,369,74,0,0,7.2
857_909,train,3,fake,NeuralTextures,637,128,0,0,16.58
905_860,train,2,fake,Deepfakes,382,77,0,0,24.2
699,test,3,real,original,524,105,0,0,15.23
580,test,2,real,original,292,98,0,0,18.56
175_159,test,2,fake,FaceSwap,325,64,1,0,6.82
356_324,train,2,fake,NeuralTextures,558,112,0,0,52.48
535_587,train,3,fake,FaceSwap,626,126,0,0,18.29
063_041,train,2,fake,Face2Face,349,70,0,0,19.45
454_527,train,2,fake,NeuralTextures,342,44,25,0,16.66
482_465,train,2,fake,FaceSwap,329,66,0,0,20.95
527_454,train,3,fake,Face2Face,384,77,0,0,17.89
272_396,train,3,fake,FaceSwap,323,65,0,0,16.96
619_620,train,2,fake,NeuralTextures,305,61,0,0,28.03
152_149,train,2,fake,Deepfakes,313,63,0,0,18.52
489_022,train,2,fake,Face2Face,325,61,4,0,24.84
152_149,train,2,fake,NeuralTextures,313,63,0,0,17.84
916_783,train,3,fake,Face2Face,403,81,0,0,15.62
595,train,3,real,original,565,75,38,0,30.51
996_056,train,2,fake,Deepfakes,312,63,0,0,20.1
156_243,val,2,fake,Deepfakes,518,104,0,0,10.77
797,train,3,real,original,434,87,0,0,12.93
990,test,3,real,original,305,61,0,0,7.48
143,train,3,real,original,414,83,0,0,10.4
741_731,train,2,fake,FaceSwap,370,74,0,0,25.53
884_968,train,2,fake,FaceSwap,300,55,5,0,24.98
861_858,train,2,fake,Face2Face,483,97,0,0,26.73
006,test,3,real,original,310,62,0,0,11.7
582_172,train,3,fake,FaceSwap,431,87,0,0,9.36
208_215,train,2,fake,NeuralTextures,465,20,73,0,14.88
981,train,3,real,original,372,75,0,0,11.63
226_491,train,3,fake,Face2Face,427,86,0,0,23.15
587_535,train,2,fake,Face2Face,667,134,0,0,34.83
259_345,train,2,fake,Deepfakes,444,89,0,0,24.26
240_290,train,2,fake,Deepfakes,1274,128,0,0,56.22
267_286,train,2,fake,NeuralTextures,306,62,0,0,21.82
547,train,3,real,original,496,28,72,0,43.94
988,train,3,real,original,455,91,0,0,6.18
120_118,train,2,fake,FaceSwap,352,71,0,0,20.41
563_537,train,3,fake,Deepfakes,390,78,0,0,9.64
848,train,3,real,original,360,72,0,0,33.71
134_192,train,2,fake,FaceSwap,287,96,0,0,24.73
974,test,3,real,original,318,64,0,0,7.48
320_328,train,3,fake,Deepfakes,504,31,70,0,28.9
458_722,train,2,fake,Deepfakes,351,71,0,0,21.48
835_651,train,2,fake,Face2Face,380,76,0,0,48.0
063_041,train,2,fake,FaceSwap,349,70,0,0,18.91
333_377,train,2,fake,NeuralTextures,398,80,0,0,19.38
017_803,train,2,fake,NeuralTextures,297,73,26,0,26.12
664,train,3,real,original,293,98,0,0,19.52
502_504,train,2,fake,NeuralTextures,317,64,0,0,31.96
090,train,3,real,original,687,138,0,0,36.35
206_221,train,2,fake,FaceSwap,714,72,0,0,29.21
585_599,train,2,fake,NeuralTextures,359,39,33,0,28.01
318_334,train,3,fake,FaceSwap,475,95,0,0,11.46
309,train,3,real,original,850,85,0,0,24.56
150_153,train,3,fake,Face2Face,732,74,0,0,18.08
502_504,train,2,fake,Face2Face,317,64,0,0,33.52
660_634,train,3,fake,Face2Face,338,68,0,0,32.62
707_705,train,2,fake,Face2Face,473,95,0,0,21.75
763,train,3,real,original,812,82,0,0,14.51
395_401,train,3,fake,Deepfakes,448,39,51,0,22.37
905_860,train,2,fake,FaceSwap,382,77,0,0,28.89
940_941,train,2,fake,NeuralTextures,309,62,0,0,16.69
854,test,3,real,original,294,98,0,0,7.74
821_812,train,2,fake,FaceSwap,423,85,0,0,21.27
237_236,train,3,fake,Face2Face,651,131,0,0,30.54
985_981,train,2,fake,Deepfakes,343,69,0,0,17.75
298_279,train,2,fake,Face2Face,906,91,0,0,33.46
923_023,train,2,fake,Face2Face,553,111,0,0,49.72
358_380,train,2,fake,Face2Face,455,91,0,0,18.23
329_327,train,2,fake,NeuralTextures,415,83,0,0,19.41
146,test,2,real,original,1003,96,5,0,41.72
466_428,train,3,fake,Face2Face,540,77,31,0,25.59
384_932,train,2,fake,FaceSwap,462,93,0,0,59.41
449_451,train,2,fake,NeuralTextures,306,32,30,0,29.74
324_356,train,3,fake,Face2Face,558,112,0,0,6.27
468,train,3,real,original,597,20,100,0,17.42
000_003,val,2,fake,Deepfakes,396,80,0,0,12.69
200_189,train,3,fake,Deepfakes,719,72,0,0,27.9
664_668,train,2,fake,NeuralTextures,293,98,0,0,26.56
812_821,train,2,fake,Deepfakes,433,77,10,0,17.35
209_016,train,2,fake,Face2Face,678,136,0,0,41.3
669_682,train,3,fake,Face2Face,965,97,0,0,27.72
929_962,train,3,fake,Deepfakes,462,85,8,0,8.46
613_685,val,2,fake,Face2Face,522,105,0,0,24.51
149_152,train,2,fake,Face2Face,313,63,0,0,13.67
303_309,train,2,fake,Deepfakes,571,115,0,0,24.1
917_924,train,2,fake,FaceSwap,448,90,0,0,19.89
017,train,3,real,original,398,71,9,0,21.77
722_458,train,2,fake,Deepfakes,396,80,0,0,54.75
912_927,train,2,fake,FaceSwap,647,130,0,0,33.44
636_578,train,3,fake,Deepfakes,335,67,0,0,7.25
324,train,3,real,original,1249,125,0,0,41.56
522_337,train,3,fake,Face2Face,331,67,0,0,5.16
368_378,train,3,fake,FaceSwap,761,77,0,0,9.07
321_288,train,2,fake,Deepfakes,567,114,0,0,19.72
358_380,train,3,fake,FaceSwap,455,91,0,0,7.52
640,val,3,real,original,306,62,0,0,19.18
207,train,3,real,original,346,70,0,0,44.87
870,train,3,real,original,604,121,0,0,30.7
199_181,train,2,fake,FaceSwap,368,74,0,0,21.35
716_712,train,2,fake,NeuralTextures,550,110,0,0,28.07
636_578,train,2,fake,FaceSwap,335,67,0,0,13.15
349_350,train,3,fake,Face2Face,405,81,0,0,18.1
496_417,train,3,fake,FaceSwap,861,87,0,0,22.87
609_596,train,2,fake,Deepfakes,489,98,0,0,24.13
125_038,train,3,fake,Deepfakes,500,100,0,0,18.18
689_690,train,3,fake,Face2Face,331,67,0,0,11.01
732_691,train,2,fake,Face2Face,540,108,0,0,20.34
356_324,train,2,fake,Deepfakes,558,112,0,0,54.33
896,train,3,real,original,531,107,0,0,11.83
959_957,train,3,fake,Deepfakes,482,72,25,0,67.15
090_086,train,2,fake,Face2Face,935,94,0,0,57.39
033_097,train,2,fake,NeuralTextures,478,96,0,0,21.91
923,train,3,real,original,602,121,0,0,28.16
839_864,train,2,fake,Face2Face,326,66,0,0,15.02
356,train,3,real,original,558,112,0,0,21.44
722_458,train,2,fake,Face2Face,351,71,0,0,44.75
966_988,train,3,fake,FaceSwap,364,73,0,0,8.72
818,train,3,real,original,466,44,50,0,17.84
722_458,train,3,fake,FaceSwap,351,71,0,0,36.53
167_166,test,2,fake,NeuralTextures,341,69,0,0,12.47
511,test,3,real,original,809,81,0,0,21.74
859_843,train,2,fake,Face2Face,318,64,0,0,20.41
726_713,train,2,fake,NeuralTextures,410,82,0,0,70.66
343,train,3,real,original,299,100,0,0,12.11
333,train,3,real,original,429,86,0,0,11.65
742,train,3,real,original,623,124,1,0,21.05
219,val,3,real,original,350,70,0,0,15.73
613_685,val,2,fake,NeuralTextures,415,83,0,0,18.08
691_732,train,2,fake,FaceSwap,426,80,6,0,29.83
680,train,3,real,original,300,60,0,0,7.54
599_585,train,2,fake,NeuralTextures,359,72,0,0,27.0
269,val,3,real,original,387,78,0,0,12.09
877_886,train,2,fake,Deepfakes,570,114,0,0,37.71
846_845,train,3,fake,FaceSwap,353,71,0,0,13.1
689,train,3,real,original,455,91,0,0,7.26
414_385,train,3,fake,FaceSwap,349,27,43,0,49.92
870_001,train,3,fake,FaceSwap,460,92,0,0,36.36
092_098,train,3,fake,Face2Face,299,100,0,0,8.13
224,test,3,real,original,488,98,0,0,19.62
657_644,train,2,fake,NeuralTextures,413,83,0,0,21.5
214,test,3,real,original,462,93,0,0,8.26
691_732,train,2,fake,Deepfakes,540,100,8,0,48.03
124_085,train,2,fake,FaceSwap,318,64,0,0,17.63
278_306,train,2,fake,NeuralTextures,449,90,0,0,16.08
931,val,3,real,original,319,64,0,0,5.74
458_722,train,2,fake,Face2Face,396,80,0,0,23.22
670_661,train,2,fake,FaceSwap,481,97,0,0,23.36
675,val,3,real,original,421,85,0,0,9.11
671_677,test,2,fake,Face2Face,314,42,21,0,14.83
883_013,train,2,fake,NeuralTextures,332,55,12,0,17.18
883,train,3,real,original,433,77,10,0,19.57
147_055,train,3,fake,FaceSwap,394,79,0,0,10.21
023_923,train,2,fake,FaceSwap,553,111,0,0,18.76
160_928,train,3,fake,Face2Face,376,44,32,0,21.3
064_991,train,2,fake,Deepfakes,402,81,0,0,21.79
705_707,train,2,fake,Deepfakes,473,95,0,0,22.84
358,train,3,real,original,534,107,0,0,14.65
970,test,3,real,original,476,96,0,0,13.61
437_360,train,3,fake,Deepfakes,593,37,82,0,37.03
738,val,3,real,original,417,84,0,0,25.74
513,train,3,real,original,494,99,0,0,21.99
174,train,3,real,original,414,83,0,0,14.44
628_568,train,3,fake,Face2Face,570,114,0,0,24.4
039_058,train,3,fake,Face2Face,669,134,0,0,21.93
891_876,train,2,fake,NeuralTextures,296,99,0,0,27.0
091,train,3,real,original,639,128,0,0,15.76
710_788,train,2,fake,NeuralTextures,378,76,0,0,20.45
671_677,test,2,fake,Deepfakes,343,41,28,0,17.98
451_449,train,3,fake,NeuralTextures,306,62,0,0,21.88
942_943,train,2,fake,Face2Face,470,94,0,0,36.93
022_489,train,3,fake,Deepfakes,325,65,0,0,26.98
160_928,train,3,fake,NeuralTextures,376,44,32,0,19.71
657,train,3,real,original,546,110,0,0,21.03
208_215,train,2,fake,Face2Face,588,30,88,0,21.11
317_359,train,2,fake,FaceSwap,456,92,0,0,19.51
622,train,3,real,original,371,75,0,0,19.6
895_915,train,3,fake,FaceSwap,294,98,0,0,11.33
404,train,3,real,original,798,80,0,0,41.04
333_377,train,2,fake,Face2Face,398,80,0,0,20.33
066_062,train,3,fake,Deepfakes,435,87,0,0,14.9
968_884,train,2,fake,FaceSwap,300,60,0,0,32.22
568,train,3,real,original,570,114,0,0,18.22
161_141,val,2,fake,Deepfakes,369,74,0,0,7.71
130_139,train,2,fake,FaceSwap,378,76,0,0,17.11
421_423,train,2,fake,FaceSwap,1038,104,0,0,33.2
391_406,train,3,fake,Deepfakes,547,110,0,0,12.45
891_876,train,3,fake,FaceSwap,296,99,0,0,16.21
986,test,3,real,original,828,83,0,0,35.05
048,val,3,real,original,485,97,0,0,12.19
756_503,train,2,fake,NeuralTextures,570,114,0,0,23.12
735,test,3,real,original,802,81,0,0,15.34
047_862,train,2,fake,NeuralTextures,319,64,0,0,11.0
160,train,3,real,original,534,44,63,0,21.21
749,val,3,real,original,693,139,0,0,9.39
857,train,3,real,original,640,128,0,0,19.76
537_563,train,2,fake,NeuralTextures,385,77,0,0,42.47
538_493,train,2,fake,Deepfakes,596,120,0,0,32.26
720_672,train,2,fake,FaceSwap,541,109,0,0,23.11
135,val,3,real,original,327,66,0,0,15.6
612_702,train,2,fake,FaceSwap,420,84,0,0,31.25
164,train,3,real,original,1021,103,0,0,33.25
742_775,train,2,fake,Face2Face,559,111,1,0,26.51
864_839,train,2,fake,Deepfakes,326,66,0,0,13.34
263,train,3,real,original,300,60,0,0,19.27
200,train,3,real,original,719,72,0,0,22.42
012_026,train,2,fake,Face2Face,322,34,31,0,13.17
726_713,train,2,fake,Deepfakes,410,82,0,0,63.73
926,train,3,real,original,333,67,0,0,10.29
028_068,train,3,fake,NeuralTextures,401,81,0,0,16.3
841,test,3,real,original,519,104,0,0,5.55
689_690,train,2,fake,FaceSwap,331,67,0,0,14.97
210_241,train,3,fake,FaceSwap,292,98,0,0,10.93
876_891,train,2,fake,NeuralTextures,296,99,0,0,20.28
114,test,3,real,original,1269,127,0,0,24.71
593_577,train,2,fake,Face2Face,344,69,0,0,50.73
211_177,train,3,fake,FaceSwap,410,82,0,0,22.92
691,train,3,real,original,540,102,6,0,20.93
931_936,val,2,fake,Face2Face,297,97,2,0,11.02
278_306,train,2,fake,Face2Face,728,73,0,0,27.57
653_601,train,3,fake,NeuralTextures,364,73,0,0,11.67
670_661,train,3,fake,NeuralTextures,481,97,0,0,16.66
301_262,train,2,fake,Face2Face,397,80,0,0,14.91
100_077,train,3,fake,FaceSwap,423,85,0,0,10.69
741_731,train,3,fake,NeuralTextures,370,74,0,0,12.3
542_520,train,2,fake,NeuralTextures,320,64,0,0,27.96
769,train,3,real,original,484,97,0,0,21.77
535_587,train,2,fake,NeuralTextures,626,126,0,0,27.21
690_689,train,3,fake,Deepfakes,331,67,0,0,14.31
200_189,train,3,fake,Face2Face,512,103,0,0,19.12
150_153,train,3,fake,FaceSwap,456,92,0,0,19.2
100_077,train,2,fake,Deepfakes,423,85,0,0,14.14
716_712,train,2,fake,Face2Face,550,110,0,0,22.39
296,test,3,real,original,336,68,0,0,7.57
756,train,3,real,original,570,114,0,0,23.38
118,train,3,real,original,352,71,0,0,11.96
563,train,3,real,original,390,78,0,0,10.44
636,train,3,real,original,335,67,0,0,11.23
988_966,train,2,fake,Deepfakes,455,91,0,0,17.69
489_022,train,3,fake,NeuralTextures,325,61,4,0,18.99
888_937,train,2,fake,Face2Face,455,91,0,0,19.69
729_727,train,2,fake,Face2Face,554,111,0,0,22.25
175,test,3,real,original,504,97,4,0,8.18
932_384,train,3,fake,NeuralTextures,462,93,0,0,26.31
496_417,train,2,fake,NeuralTextures,861,87,0,0,29.12
039_058,train,3,fake,NeuralTextures,609,122,0,0,20.97
100_077,train,3,fake,NeuralTextures,423,85,0,0,15.27
329_327,train,3,fake,Deepfakes,415,83,0,0,22.36
333_377,train,3,fake,Deepfakes,429,86,0,0,18.8
199,train,3,real,original,368,74,0,0,20.98
903_792,train,2,fake,NeuralTextures,383,77,0,0,15.42
436,train,3,real,original,518,104,0,0,21.96
294_292,train,3,fake,NeuralTextures,425,85,0,0,24.35
689_690,train,2,fake,Deepfakes,455,91,0,0,17.75
417_496,train,2,fake,FaceSwap,861,87,0,0,27.18
337_522,train,2,fake,Face2Face,713,72,0,0,30.22
731_741,train,2,fake,Deepfakes,778,78,0,0,27.8
237_236,train,2,fake,NeuralTextures,651,131,0,0,39.83
835_651,train,3,fake,NeuralTextures,380,76,0,0,38.5
501_326,train,2,fake,NeuralTextures,522,105,0,0,19.15
790_014,train,3,fake,NeuralTextures,676,55,81,0,33.45
364_440,train,3,fake,Deepfakes,648,129,1,0,27.45
010_005,train,2,fake,Face2Face,385,77,0,0,14.56
365_307,train,2,fake,NeuralTextures,369,74,0,0,16.35
014_790,train,3,fake,Deepfakes,676,136,0,0,28.81
968,train,3,real,original,300,60,0,0,9.4
100,train,3,real,original,423,85,0,0,14.6
395,train,3,real,original,448,39,51,0,16.54
262_301,train,2,fake,NeuralTextures,397,80,0,0,14.69
211_177,train,3,fake,NeuralTextures,410,82,0,0,23.98
097_033,train,3,fake,Deepfakes,478,96,0,0,18.71
761_766,train,3,fake,NeuralTextures,343,69,0,0,13.41
338,val,3,real,original,889,89,0,0,24.77
622_647,train,2,fake,NeuralTextures,371,75,0,0,32.36
081,test,3,real,original,1170,117,0,0,28.78
794,test,3,real,original,879,88,0,0,37.42
492_325,train,3,fake,Face2Face,1421,143,0,0,52.4
365_307,train,3,fake,FaceSwap,369,74,0,0,16.26
499_539,train,3,fake,NeuralTextures,313,63,0,0,18.83
036,train,3,real,original,337,24,44,0,9.63
451_449,train,3,fake,FaceSwap,306,62,0,0,20.05
333_377,train,3,fake,FaceSwap,398,80,0,0,16.48
036_035,train,2,fake,Deepfakes,337,22,46,0,9.36
619_620,train,2,fake,Deepfakes,305,61,0,0,25.58
596_609,train,3,fake,NeuralTextures,489,98,0,0,21.37
922_898,train,2,fake,Deepfakes,616,124,0,0,27.11
023_923,train,3,fake,Face2Face,602,121,0,0,25.67
128,val,3,real,original,735,74,0,0,5.78
040_997,train,3,fake,NeuralTextures,438,88,0,0,25.7
820_818,train,3,fake,FaceSwap,466,94,0,0,25.94
341_340,train,2,fake,FaceSwap,293,98,0,0,23.97
028,train,3,real,original,434,87,0,0,18.62
118_120,train,3,fake,FaceSwap,352,71,0,0,17.08
928_160,train,2,fake,Deepfakes,376,76,0,0,22.41
359_317,train,2,fake,Deepfakes,456,91,1,0,22.1
109_107,train,2,fake,NeuralTextures,298,100,0,0,13.46
886_877,train,3,fake,NeuralTextures,525,105,0,0,24.57
891_876,train,2,fake,Face2Face,313,63,0,0,21.71
180_105,train,2,fake,NeuralTextures,300,60,0,0,12.57
341_340,train,3,fake,Face2Face,293,98,0,0,19.33
278,train,3,real,original,449,90,0,0,15.25
932_384,train,2,fake,Deepfakes,484,97,0,0,32.94
272_396,train,2,fake,NeuralTextures,323,65,0,0,21.05
000_003,val,3,fake,NeuralTextures,303,61,0,0,4.27
776,train,3,real,original,331,61,6,0,45.77
152_149,train,3,fake,Face2Face,363,73,0,0,12.8
369_316,train,3,fake,NeuralTextures,320,64,0,0,15.3
249_280,train,2,fake,Deepfakes,632,116,11,0,26.65
664_668,train,3,fake,Deepfakes,293,98,0,0,28.19
510_528,train,3,fake,Face2Face,377,73,3,0,21.95
148_133,train,2,fake,Face2Face,767,77,0,0,23.54
036_035,train,3,fake,Face2Face,423,42,43,0,16.65
493_538,train,2,fake,Deepfakes,395,79,0,0,18.61
509_525,train,2,fake,Face2Face,517,104,0,0,21.19
056_996,train,2,fake,Deepfakes,373,75,0,0,20.92
859_843,train,3,fake,FaceSwap,318,64,0,0,13.52
010_005,train,3,fake,FaceSwap,385,77,0,0,19.35
800_840,train,3,fake,Face2Face,840,84,0,0,43.19
229_247,train,2,fake,NeuralTextures,392,65,14,0,17.66
496_417,train,2,fake,Face2Face,861,87,0,0,21.82
860,train,3,real,original,459,92,0,0,51.02
939_115,train,2,fake,FaceSwap,320,64,0,0,7.03
013_883,train,2,fake,FaceSwap,332,67,0,0,12.67
522,train,3,real,original,713,72,0,0,20.27
238,test,3,real,original,622,125,0,0,17.32
883_013,train,3,fake,FaceSwap,332,56,11,0,19.76
005_010,train,3,fake,Face2Face,474,95,0,0,22.75
272_396,train,3,fake,Deepfakes,323,65,0,0,22.54
425_485,train,3,fake,FaceSwap,336,68,0,0,13.45
934_918,train,3,fake,Deepfakes,377,25,51,0,20.9
501_326,train,2,fake,Deepfakes,522,105,0,0,10.85
868_949,train,3,fake,Deepfakes,431,87,0,0,14.91
651_835,train,3,fake,FaceSwap,380,76,0,0,26.86
064_991,train,3,fake,Face2Face,402,81,0,0,14.0
499_539,train,3,fake,Deepfakes,514,103,0,0,36.81
149_152,train,3,fake,Deepfakes,363,73,0,0,20.68
106_198,train,3,fake,FaceSwap,356,72,0,0,13.82
515,train,3,real,original,766,77,0,0,31.02
812_821,train,2,fake,NeuralTextures,423,75,10,0,8.21
139_130,train,3,fake,Deepfakes,378,76,0,0,14.59
682_669,train,2,fake,Face2Face,489,98,0,0,12.45
936_931,val,3,fake,FaceSwap,297,99,0,0,15.11
471_455,train,3,fake,Deepfakes,540,108,0,0,20.38
482,train,3,real,original,354,71,0,0,14.37
632_548,train,3,fake,NeuralTextures,427,86,0,0,46.13
398_457,train,2,fake,NeuralTextures,528,106,0,0,17.84
090_086,train,3,fake,NeuralTextures,687,138,0,0,44.73
613_685,val,3,fake,FaceSwap,415,83,0,0,16.21
775,train,4,real,original,559,30,82,0,10.91
821_812,train,3,fake,Deepfakes,423,85,0,0,15.65
179_212,train,3,fake,Face2Face,415,83,0,0,11.85
802_885,train,3,fake,Deepfakes,351,71,0,0,14.8
198_106,train,3,fake,FaceSwap,356,72,0,0,17.48
058_039,train,2,fake,Deepfakes,669,134,0,0,23.26
925_933,val,3,fake,Face2Face,494,99,0,0,21.81
039_058,train,3,fake,Deepfakes,609,122,0,0,28.24
937_888,train,2,fake,FaceSwap,307,62,0,0,10.83
353,train,4,real,original,358,72,0,0,18.3
759,test,3,real,original,434,85,2,0,42.56
173_171,train,3,fake,NeuralTextures,541,101,8,0,33.68
457,train,4,real,original,528,106,0,0,18.92
229_247,train,3,fake,Face2Face,399,66,14,0,17.68
530,train,3,real,original,716,72,0,0,29.8
895_915,train,3,fake,NeuralTextures,294,98,0,0,21.26
926_900,train,2,fake,NeuralTextures,333,67,0,0,7.49
261_254,train,2,fake,Deepfakes,677,136,0,0,19.15
676_776,train,3,fake,FaceSwap,331,67,0,0,24.85
943,train,3,real,original,470,94,0,0,27.84
501,train,4,real,original,522,105,0,0,15.65
417_496,train,2,fake,Deepfakes,861,87,0,0,25.93
236_237,train,3,fake,Face2Face,757,76,0,0,30.92
290,train,3,real,original,422,85,0,0,12.94
150_153,train,3,fake,Deepfakes,456,92,0,0,22.02
210_241,train,3,fake,NeuralTextures,292,98,0,0,20.46
585_599,train,2,fake,Deepfakes,359,41,31,0,31.49
834,val,3,real,original,303,61,0,0,7.95
485,train,3,real,original,803,81,0,0,24.81
679,train,4,real,original,416,84,0,0,11.93
864_839,train,3,fake,FaceSwap,326,66,0,0,16.93
198_106,train,3,fake,Face2Face,356,72,0,0,18.93
396,train,4,real,original,525,105,0,0,18.55
530_594,train,2,fake,Face2Face,294,98,0,0,14.91
876_891,train,3,fake,Face2Face,296,99,0,0,24.08
175_159,test,3,fake,NeuralTextures,325,60,5,0,14.44
058_039,train,3,fake,NeuralTextures,609,122,0,0,27.05
316,train,4,real,original,566,114,0,0,22.05
905_860,train,3,fake,Face2Face,459,92,0,0,27.28
148_133,train,2,fake,FaceSwap,475,95,0,0,10.11
288,train,4,real,original,543,109,0,0,9.29
279,train,3,real,original,906,91,0,0,23.83
041_063,train,3,fake,FaceSwap,349,70,0,0,20.89
801,train,3,real,original,444,89,0,0,8.02
425_485,train,3,fake,Deepfakes,336,68,0,0,19.76
222_168,train,2,fake,FaceSwap,407,82,0,0,13.41
041_063,train,3,fake,NeuralTextures,349,70,0,0,18.11
527_454,train,3,fake,NeuralTextures,342,69,0,0,18.58
905_860,train,3,fake,NeuralTextures,382,77,0,0,23.81
705,train,4,real,original,473,95,0,0,11.98
335_277,train,2,fake,FaceSwap,384,77,0,0,18.51
752_751,train,3,fake,Deepfakes,1016,102,0,0,72.77
449_451,train,3,fake,FaceSwap,306,32,30,0,17.18
485_425,train,3,fake,Deepfakes,803,81,0,0,32.68
739,val,4,real,original,304,61,0,0,12.2
615,train,3,real,original,452,91,0,0,20.85
227,train,4,real,original,441,48,41,0,21.9
928_160,train,2,fake,FaceSwap,376,76,0,0,19.29
538,train,4,real,original,596,120,0,0,23.58
601_653,train,2,fake,FaceSwap,364,73,0,0,13.59
719,train,4,real,original,402,81,0,0,12.71
969_897,train,3,fake,NeuralTextures,333,67,0,0,19.51
240_290,train,3,fake,FaceSwap,422,85,0,0,18.88
136,train,4,real,original,611,110,13,0,30.61
327_329,train,3,fake,Deepfakes,495,99,0,0,25.22
102,train,3,real,original,389,78,0,0,12.41
455,train,4,real,original,370,74,0,0,11.16
280_249,train,3,fake,FaceSwap,606,121,1,0,34.64
254_261,train,3,fake,FaceSwap,427,86,0,0,43.08
922_898,train,3,fake,NeuralTextures,349,70,0,0,23.38
598,val,4,real,original,686,138,0,0,15.81
845_846,train,4,fake,Face2Face,353,71,0,0,6.77
313_283,train,3,fake,Deepfakes,481,97,0,0,26.39
271,test,4,real,original,490,98,0,0,14.91
212_179,train,4,fake,NeuralTextures,415,83,0,0,7.9
324_356,train,3,fake,FaceSwap,558,112,0,0,27.94
925_933,val,2,fake,NeuralTextures,356,72,0,0,16.93
118_120,train,3,fake,NeuralTextures,352,71,0,0,20.01
886_877,train,4,fake,Deepfakes,525,105,0,0,5.57
550_452,train,3,fake,NeuralTextures,444,89,0,0,21.34
958_956,val,3,fake,Face2Face,542,109,0,0,11.96
187,train,4,real,original,986,99,0,0,38.78
148,train,4,real,original,475,95,0,0,13.64
471_455,train,3,fake,NeuralTextures,370,74,0,0,12.83
482_465,train,3,fake,Deepfakes,354,71,0,0,19.07
542_520,train,4,fake,Deepfakes,320,64,0,0,10.8
085_124,train,3,fake,FaceSwap,318,64,0,0,18.44
134_192,train,3,fake,Deepfakes,346,70,0,0,30.05
530_594,train,4,fake,FaceSwap,294,98,0,0,17.47
307_365,train,4,fake,FaceSwap,369,74,0,0,8.69
141_161,val,3,fake,FaceSwap,369,74,0,0,10.3
740,train,4,real,original,348,70,0,0,37.82
562,val,3,real,original,467,94,0,0,20.48
028_068,train,3,fake,Deepfakes,434,87,0,0,26.63
476_400,train,3,fake,Deepfakes,310,24,38,0,13.04
963,val,4,real,original,692,139,0,0,24.97
061,train,4,real,original,337,68,0,0,10.03
799_809,train,2,fake,Deepfakes,1227,123,0,0,53.45
294_292,train,3,fake,FaceSwap,425,85,0,0,35.58
799_809,train,3,fake,Face2Face,367,74,0,0,27.51
391_406,train,3,fake,Face2Face,512,103,0,0,23.55
909_857,train,3,fake,Face2Face,640,125,3,0,26.73
541,val,4,real,original,390,78,0,0,10.44
497,val,4,real,original,621,125,0,0,24.93
931_936,val,3,fake,FaceSwap,297,99,0,0,5.3
585,train,4,real,original,359,42,30,0,13.76
726,train,4,real,original,410,82,0,0,46.8
218,train,4,real,original,353,71,0,0,6.38
346,val,4,real,original,615,123,0,0,15.32
280,train,4,real,original,606,121,1,0,21.93
317_359,train,3,fake,Face2Face,456,92,0,0,23.42
723,train,4,real,original,730,73,0,0,24.3
671,test,4,real,original,343,42,27,0,12.55
691_732,train,2,fake,NeuralTextures,426,75,11,0,23.36
279_298,train,3,fake,NeuralTextures,569,114,0,0,30.6
199_181,train,3,fake,Face2Face,478,96,0,0,31.07
900_926,train,3,fake,FaceSwap,333,67,0,0,17.69
939,train,4,real,original,511,103,0,0,16.45
752_751,train,2,fake,FaceSwap,331,67,0,0,17.69
747_854,test,3,fake,NeuralTextures,294,98,0,0,16.32
746,test,4,real,original,493,99,0,0,28.3
949_868,train,4,fake,Deepfakes,686,138,0,0,16.23
365_307,train,3,fake,Deepfakes,369,74,0,0,15.09
098_092,train,4,fake,NeuralTextures,299,100,0,0,9.14
194_235,val,3,fake,Deepfakes,567,114,0,0,6.27
055_147,train,3,fake,Face2Face,667,134,0,0,36.85
471,train,4,real,original,540,108,0,0,19.36
022_489,train,3,fake,Face2Face,566,114,0,0,46.58
476_400,train,4,fake,FaceSwap,310,42,20,0,12.03
003_000,val,3,fake,NeuralTextures,303,53,8,0,10.04
644_657,train,3,fake,Face2Face,546,110,0,0,27.71
109_107,train,3,fake,Deepfakes,298,100,0,0,19.76
835,train,4,real,original,426,86,0,0,48.67
016,train,3,real,original,678,136,0,0,18.53
375_251,train,3,fake,NeuralTextures,346,60,10,0,21.87
809_799,train,4,fake,NeuralTextures,367,74,0,0,8.89
542_520,train,3,fake,FaceSwap,320,64,0,0,26.79
767,val,4,real,original,407,82,0,0,9.97
427_637,train,3,fake,Deepfakes,468,94,0,0,40.67
196,test,4,real,original,426,86,0,0,6.91
208,train,4,real,original,465,28,65,0,10.08
676,train,4,real,original,515,103,0,0,37.35
846_845,train,3,fake,Face2Face,356,72,0,0,19.46
969_897,train,4,fake,FaceSwap,333,67,0,0,12.36
897_969,train,3,fake,NeuralTextures,333,67,0,0,19.17
820_818,train,3,fake,NeuralTextures,466,94,0,0,31.71
651,train,4,real,original,380,76,0,0,17.22
989_993,train,3,fake,FaceSwap,409,82,0,0,24.04
966_988,train,3,fake,NeuralTextures,364,73,0,0,13.25
760_611,train,3,fake,Deepfakes,306,62,0,0,15.09
015_919,train,4,fake,FaceSwap,437,88,0,0,21.86
985,train,4,real,original,343,69,0,0,7.82
166_167,test,3,fake,Face2Face,341,69,0,0,8.46
326_501,train,4,fake,NeuralTextures,522,105,0,0,17.94
537_563,train,3,fake,Face2Face,390,78,0,0,31.2
148_133,train,3,fake,NeuralTextures,475,95,0,0,26.57
916,train,3,real,original,484,97,0,0,26.22
919_015,train,4,fake,Face2Face,437,52,36,0,14.49
660,train,4,real,original,340,68,0,0,17.53
986_994,test,3,fake,FaceSwap,316,64,0,0,18.61
707_705,train,3,fake,NeuralTextures,473,95,0,0,33.89
266,train,4,real,original,465,93,0,0,15.18
153_150,train,4,fake,NeuralTextures,456,92,0,0,19.73
021,val,4,real,original,431,87,0,0,8.21
750_743,train,3,fake,Face2Face,311,60,3,0,39.55
900_926,train,3,fake,Deepfakes,341,69,0,0,20.27
376_381,train,3,fake,FaceSwap,515,103,0,0,44.81
103,test,4,real,original,595,119,0,0,13.54
760_611,train,3,fake,FaceSwap,306,62,0,0,16.9
622_647,train,4,fake,Face2Face,699,140,0,0,40.02
739_865,val,3,fake,FaceSwap,304,61,0,0,12.22
211_177,train,3,fake,Deepfakes,527,106,0,0,36.91
423_421,train,3,fake,FaceSwap,1038,104,0,0,43.96
004,train,4,real,original,309,48,14,0,9.26
262_301,train,4,fake,Deepfakes,397,80,0,0,17.79
875,test,3,real,original,422,84,1,0,18.5
756_503,train,4,fake,Deepfakes,570,114,0,0,26.17
832,train,3,real,original,553,111,0,0,14.62
173_171,train,3,fake,Deepfakes,721,73,0,0,38.59
456,train,4,real,original,608,122,0,0,29.81
969_897,train,4,fake,Face2Face,333,67,0,0,7.19
334_318,train,3,fake,FaceSwap,475,95,0,0,21.11
993_989,train,3,fake,NeuralTextures,409,82,0,0,17.14
369_316,train,3,fake,Face2Face,566,114,0,0,31.29
241_210,train,3,fake,Face2Face,839,84,0,0,38.52
677_671,test,3,fake,FaceSwap,314,52,11,0,13.4
022_489,train,3,fake,NeuralTextures,325,65,0,0,30.9
175_159,test,3,fake,Face2Face,325,63,2,0,12.49
215_208,train,3,fake,NeuralTextures,465,93,0,0,29.71
199_181,train,3,fake,NeuralTextures,368,74,0,0,35.19
022,train,4,real,original,325,65,0,0,19.03
937_888,train,4,fake,NeuralTextures,307,62,0,0,8.64
982,test,4,real,original,845,85,0,0,19.5
236_237,train,3,fake,FaceSwap,651,131,0,0,35.16
369_316,train,3,fake,Deepfakes,320,64,0,0,20.9
535,train,4,real,original,667,134,0,0,17.95
456_435,train,3,fake,FaceSwap,476,96,0,0,42.31
400_476,train,3,fake,Face2Face,310,20,42,0,18.04
455_471,train,3,fake,FaceSwap,370,74,0,0,23.87
660_634,train,3,fake,Deepfakes,340,68,0,0,26.89
369_316,train,3,fake,FaceSwap,320,64,0,0,19.47
334,train,4,real,original,1339,134,0,0,29.71
537,train,4,real,original,385,77,0,0,15.63
941_940,train,4,fake,Face2Face,309,62,0,0,13.07
337,train,4,real,original,331,67,0,0,8.45
528_510,train,4,fake,FaceSwap,340,68,0,0,7.5
033_097,train,4,fake,Deepfakes,809,81,0,0,25.59
401_395,train,3,fake,NeuralTextures,448,90,0,0,38.36
824,test,4,real,original,577,116,0,0,26.44
240_290,train,4,fake,Face2Face,422,85,0,0,8.9
932,train,4,real,original,484,97,0,0,26.66
335_277,train,4,fake,Face2Face,966,97,0,0,41.55
059,val,4,real,original,721,73,0,0,22.14
578_636,train,4,fake,NeuralTextures,335,67,0,0,16.06
996_056,train,4,fake,FaceSwap,312,63,0,0,11.44
317_359,train,4,fake,NeuralTextures,456,92,0,0,16.12
860_905,train,3,fake,NeuralTextures,382,77,0,0,60.44
708_772,train,2,fake,Deepfakes,549,42,68,0,51.52
040_997,train,4,fake,Deepfakes,548,110,0,0,26.98
005_010,train,4,fake,NeuralTextures,385,77,0,0,13.54
911_910,train,3,fake,Face2Face,292,98,0,0,29.31
337_522,train,3,fake,NeuralTextures,331,67,0,0,22.25
888_937,train,3,fake,Deepfakes,307,62,0,0,18.43
929_962,train,3,fake,FaceSwap,460,85,7,0,22.9
390_709,val,3,fake,FaceSwap,300,60,0,0,18.13
016_209,train,3,fake,Face2Face,337,68,0,0,17.98
106_198,train,3,fake,Face2Face,392,79,0,0,26.01
903_792,train,3,fake,FaceSwap,383,77,0,0,26.79
670_661,train,3,fake,Deepfakes,481,97,0,0,26.87
849,test,4,real,original,322,65,0,0,7.41
476,train,4,real,original,310,37,25,0,10.92
325_492,train,4,fake,NeuralTextures,347,70,0,0,23.28
345_259,train,4,fake,FaceSwap,423,85,0,0,19.37
809,train,4,real,original,367,74,0,0,12.68
545,val,4,real,original,436,88,0,0,7.95
509_525,train,3,fake,FaceSwap,517,104,0,0,34.71
835_651,train,3,fake,FaceSwap,380,76,0,0,47.5
609_596,train,4,fake,NeuralTextures,489,98,0,0,20.71
209_016,train,3,fake,Deepfakes,337,68,0,0,13.03
758_754,test,3,fake,FaceSwap,391,78,1,0,15.97
489,train,4,real,original,566,110,4,0,29.19
098_092,train,3,fake,Face2Face,460,92,0,0,27.25
077_100,train,4,fake,Face2Face,423,85,0,0,15.42
139_130,train,4,fake,FaceSwap,378,76,0,0,17.41
929,train,4,real,original,462,85,8,0,14.24
563_537,train,3,fake,FaceSwap,385,77,0,0,20.75
374_407,train,4,fake,Deepfakes,586,118,0,0,30.11
351,train,3,real,original,684,131,6,0,17.69
391_406,train,3,fake,NeuralTextures,512,103,0,0,28.92
247_229,train,4,fake,NeuralTextures,392,79,0,0,15.33
186,train,4,real,original,334,27,40,0,46.03
812_821,train,3,fake,FaceSwap,423,75,10,0,23.03
425_485,train,3,fake,NeuralTextures,336,68,0,0,19.79
685,val,4,real,original,522,105,0,0,33.33
241_210,train,4,fake,NeuralTextures,292,98,0,0,18.18
141_161,val,3,fake,Deepfakes,508,102,0,0,13.73
729_727,train,3,fake,FaceSwap,554,111,0,0,33.06
245,val,4,real,original,334,67,0,0,10.11
934_918,train,3,fake,FaceSwap,377,25,51,0,17.7
058_039,train,4,fake,FaceSwap,609,122,0,0,23.77
994_986,test,3,fake,NeuralTextures,316,64,0,0,9.72
692,test,4,real,original,354,71,0,0,17.07
471_455,train,4,fake,Face2Face,370,74,0,0,18.35
211,train,4,real,original,527,106,0,0,37.13
802_885,train,3,fake,FaceSwap,329,66,0,0,15.88
033_097,train,4,fake,FaceSwap,478,96,0,0,20.62
599_585,train,4,fake,Face2Face,359,72,0,0,20.0
901_902,train,3,fake,Deepfakes,523,69,36,0,38.65
457_398,train,3,fake,Deepfakes,528,106,0,0,27.17
017_803,train,3,fake,FaceSwap,297,97,2,0,26.11
775_742,train,3,fake,FaceSwap,559,33,79,0,15.11
911_910,train,3,fake,NeuralTextures,292,98,0,0,28.6
885_802,train,4,fake,Deepfakes,329,66,0,0,16.71
885_802,train,3,fake,Face2Face,351,71,0,0,19.9
185,train,4,real,original,875,88,0,0,28.1
278_306,train,4,fake,Deepfakes,449,90,0,0,13.62
149_152,train,3,fake,NeuralTextures,313,63,0,0,22.01
716_712,train,4,fake,FaceSwap,550,110,0,0,25.27
745,train,4,real,original,569,114,0,0,19.18
073,test,4,real,original,703,41,30,0,20.62
731,train,4,real,original,778,78,0,0,19.38
727_729,train,3,fake,Face2Face,636,37,91,0,25.28
929_962,train,4,fake,Face2Face,460,50,42,0,15.0
503_756,train,4,fake,Deepfakes,674,135,0,0,22.66
939_115,train,4,fake,Deepfakes,511,103,0,0,20.64
334_318,train,4,fake,NeuralTextures,475,95,0,0,15.96
423,train,4,real,original,1814,182,0,0,51.84
120_118,train,4,fake,Deepfakes,405,81,0,0,15.02
344,test,4,real,original,631,127,0,0,33.21
962_929,train,4,fake,Deepfakes,460,92,0,0,9.3
012_026,train,3,fake,FaceSwap,322,42,23,0,12.18
435_456,train,3,fake,Face2Face,608,122,0,0,29.47
586,train,4,real,original,379,76,0,0,64.43
509,train,4,real,original,563,113,0,0,24.54
318,train,4,real,original,475,95,0,0,19.88
063_041,train,4,fake,NeuralTextures,349,70,0,0,16.76
492,train,4,real,original,347,70,0,0,23.97
307_365,train,4,fake,Deepfakes,378,76,0,0,12.23
985_981,train,3,fake,FaceSwap,343,69,0,0,14.68
085_124,train,4,fake,Deepfakes,329,66,0,0,13.95
676_776,train,3,fake,NeuralTextures,331,67,0,0,22.35
758_754,test,3,fake,NeuralTextures,391,38,41,0,14.46
821_812,train,3,fake,Face2Face,433,87,0,0,20.89
236_237,train,3,fake,Deepfakes,651,131,0,0,24.84
150_153,train,3,fake,NeuralTextures,456,92,0,0,16.2
226_491,train,3,fake,NeuralTextures,328,66,0,0,42.04
206_221,train,3,fake,Deepfakes,714,72,0,0,27.35
215_208,train,4,fake,FaceSwap,465,93,0,0,15.4
254_261,train,4,fake,Deepfakes,427,86,0,0,28.91
466_428,train,4,fake,Deepfakes,334,32,35,0,16.13
489_022,train,4,fake,Deepfakes,566,110,4,0,36.58
454_527,train,4,fake,Deepfakes,384,77,0,0,22.73
225,test,4,real,original,304,61,0,0,9.81
792_903,train,3,fake,Deepfakes,383,61,16,0,14.54
895_915,train,3,fake,Deepfakes,294,98,0,0,18.02
064_991,train,3,fake,NeuralTextures,402,81,0,0,15.26
862_047,train,3,fake,FaceSwap,319,64,0,0,21.27
279_298,train,3,fake,FaceSwap,569,114,0,0,24.58
039,train,4,real,original,609,122,0,0,18.87
398_457,train,4,fake,Face2Face,528,106,0,0,22.17
280_249,train,3,fake,Face2Face,632,127,0,0,36.98
221_206,train,4,fake,Deepfakes,718,72,0,0,27.32
980,train,4,real,original,383,77,0,0,11.14
423_421,train,4,fake,Deepfakes,1814,182,0,0,59.27
838_810,train,4,fake,Deepfakes,457,92,0,0,28.14
292_294,train,4,fake,Face2Face,604,121,0,0,52.27
259_345,train,4,fake,Face2Face,423,85,0,0,12.77
750_743,train,3,fake,Deepfakes,441,86,3,0,65.67
125_038,train,3,fake,NeuralTextures,305,61,0,0,18.64
259,train,4,real,original,444,89,0,0,13.29
924,train,4,real,original,1248,125,0,0,27.7
172_582,train,3,fake,Face2Face,431,87,0,0,21.42
601_653,train,4,fake,Face2Face,731,74,0,0,25.01
326_501,train,4,fake,FaceSwap,522,105,0,0,23.62
846_845,train,4,fake,NeuralTextures,353,71,0,0,10.38
091_116,train,3,fake,NeuralTextures,327,66,0,0,9.7
927_912,train,3,fake,Face2Face,647,130,0,0,27.75
421_423,train,3,fake,Face2Face,1814,182,0,0,69.32
015_919,train,4,fake,Deepfakes,437,88,0,0,16.94
596_609,train,4,fake,Face2Face,489,98,0,0,10.86
653_601,train,4,fake,FaceSwap,364,73,0,0,10.22
985_981,train,3,fake,NeuralTextures,343,69,0,0,18.36
276,test,4,real,original,331,67,0,0,11.91
807,train,4,real,original,650,130,0,0,76.17
694,train,4,real,original,299,100,0,0,15.1
066_062,train,3,fake,Face2Face,423,85,0,0,14.4
312,train,4,real,original,428,86,0,0,11.52
209_016,train,4,fake,FaceSwap,337,68,0,0,11.46
527_454,train,4,fake,Deepfakes,342,69,0,0,18.8
267_286,train,4,fake,Deepfakes,306,62,0,0,16.91
886_877,train,3,fake,Face2Face,570,114,0,0,25.6
066_062,train,4,fake,NeuralTextures,423,85,0,0,18.4
527_454,train,3,fake,FaceSwap,342,69,0,0,19.92
427_637,train,4,fake,Face2Face,510,102,0,0,31.72
593_577,train,3,fake,FaceSwap,344,69,0,0,52.99
491_226,train,4,fake,Face2Face,328,66,0,0,47.6
592,train,4,real,original,383,74,3,0,13.22
910_911,train,3,fake,Deepfakes,292,98,0,0,22.53
668_664,train,4,fake,NeuralTextures,293,98,0,0,14.37
839_864,train,4,fake,Deepfakes,385,77,0,0,14.87
316_369,train,4,fake,NeuralTextures,320,64,0,0,12.5
306_278,train,3,fake,Deepfakes,728,73,0,0,22.28
105_180,train,3,fake,Deepfakes,300,60,0,0,11.44
566,val,4,real,original,723,73,0,0,21.73
991_064,train,4,fake,Deepfakes,402,71,10,0,14.14
478_506,train,3,fake,Deepfakes,749,75,0,0,18.91
996_056,train,3,fake,Face2Face,373,75,0,0,11.03
019,val,4,real,original,1385,139,0,0,42.01
988_966,train,3,fake,FaceSwap,364,73,0,0,13.64
862_047,train,3,fake,Face2Face,319,64,0,0,12.31
247_229,train,3,fake,Deepfakes,399,80,0,0,18.5
737_719,train,4,fake,FaceSwap,369,74,0,0,17.75
215,train,4,real,original,588,118,0,0,16.69
886,train,4,real,original,525,105,0,0,16.25
526,val,4,real,original,838,84,0,0,42.15
934_918,train,4,fake,NeuralTextures,377,25,51,0,22.58
443_514,train,4,fake,FaceSwap,361,73,0,0,14.33
762,test,4,real,original,416,84,0,0,13.26
440_364,train,4,fake,NeuralTextures,419,84,0,0,19.07
864_839,train,4,fake,Face2Face,385,77,0,0,11.68
005_010,train,4,fake,FaceSwap,385,77,0,0,17.34
381_376,train,3,fake,NeuralTextures,515,103,0,0,22.64
997_040,train,4,fake,FaceSwap,438,88,0,0,17.54
226_491,train,4,fake,Deepfakes,328,66,0,0,20.9
066_062,train,4,fake,FaceSwap,423,85,0,0,17.33
095,test,4,real,original,1006,101,0,0,24.03
820,train,4,real,original,665,133,0,0,29.0
629,train,4,real,original,990,98,1,0,34.9
624,train,4,real,original,350,70,0,0,16.59
063,train,4,real,original,930,93,0,0,33.12
423_421,train,4,fake,Face2Face,1038,104,0,0,35.19
509_525,train,3,fake,NeuralTextures,517,104,0,0,24.03
752_751,train,3,fake,Face2Face,331,67,0,0,23.02
483,train,4,real,original,375,75,0,0,25.94
729_727,train,3,fake,NeuralTextures,554,111,0,0,15.02
168_222,train,4,fake,Deepfakes,1228,123,0,0,35.95
189_200,train,3,fake,NeuralTextures,512,103,0,0,16.58
156_243,val,4,fake,NeuralTextures,387,78,0,0,12.99
070,val,4,real,original,367,74,0,0,12.71
731_741,train,4,fake,Face2Face,370,74,0,0,19.41
924_917,train,4,fake,Deepfakes,1248,125,0,0,41.51
441,val,4,real,original,305,61,0,0,10.69
936_931,val,4,fake,Deepfakes,297,99,0,0,11.7
790,train,4,real,original,690,55,83,0,23.77
826,test,4,real,original,355,71,0,0,31.13
405,test,4,real,original,531,107,0,0,6.05
353_383,train,4,fake,Face2Face,465,93,0,0,30.55
313_283,train,4,fake,FaceSwap,481,97,0,0,20.68
008,train,4,real,original,637,128,0,0,18.19
451_449,train,4,fake,Face2Face,306,62,0,0,28.32
221_206,train,4,fake,FaceSwap,714,72,0,0,42.24
435_456,train,3,fake,NeuralTextures,476,96,0,0,16.07
449_451,train,4,fake,Face2Face,383,47,30,0,23.27
049,train,4,real,original,360,72,0,0,9.93
482_465,train,4,fake,Face2Face,329,66,0,0,19.53
401_395,train,4,fake,Face2Face,448,90,0,0,27.66
854_747,test,4,fake,NeuralTextures,294,98,0,0,17.58
612_702,train,3,fake,Face2Face,749,75,0,0,36.29
023_923,train,4,fake,Deepfakes,553,111,0,0,25.13
439,train,4,real,original,462,67,26,0,13.17
818_820,train,3,fake,FaceSwap,466,43,51,0,25.21
254_261,train,4,fake,Face2Face,677,136,0,0,45.45
337_522,train,4,fake,Deepfakes,331,67,0,0,17.74
872,val,4,real,original,474,95,0,0,10.92
189_200,train,4,fake,Face2Face,719,72,0,0,26.47
531,train,4,real,original,319,61,3,0,17.0
587_535,train,3,fake,FaceSwap,626,126,0,0,28.01
846_845,train,4,fake,Deepfakes,353,71,0,0,16.67
563_537,train,4,fake,NeuralTextures,385,77,0,0,18.99
491_226,train,4,fake,Deepfakes,427,86,0,0,61.16
845_846,train,4,fake,NeuralTextures,353,71,0,0,18.13
016_209,train,3,fake,Deepfakes,678,136,0,0,29.03
543,val,4,real,original,718,59,13,0,23.07
149,train,4,real,original,363,73,0,0,20.5
895,train,4,real,original,294,98,0,0,13.96
091_116,train,4,fake,FaceSwap,327,66,0,0,16.56
210_241,train,4,fake,Deepfakes,839,84,0,0,32.67
437_360,train,4,fake,Face2Face,385,42,35,0,21.97
191_188,train,4,fake,Face2Face,310,62,0,0,42.96
739_865,val,4,fake,NeuralTextures,304,61,0,0,18.01
975,train,4,real,original,304,61,0,0,14.41
001_870,train,3,fake,Face2Face,604,121,0,0,36.19
563_537,train,4,fake,Face2Face,385,77,0,0,19.82
401,train,5,real,original,492,99,0,0,21.28
206_221,train,3,fake,Face2Face,718,72,0,0,22.36
047_862,train,4,fake,FaceSwap,319,64,0,0,20.22
444,train,4,real,original,437,88,0,0,15.64
556_588,train,3,fake,NeuralTextures,372,49,26,0,13.14
817,train,4,real,original,419,84,0,0,30.82
729_727,train,4,fake,Deepfakes,636,128,0,0,27.19
015_919,train,4,fake,Face2Face,534,107,0,0,27.2
168_222,train,4,fake,NeuralTextures,407,82,0,0,20.62
304,train,4,real,original,610,122,0,0,22.28
758_754,test,4,fake,Face2Face,401,77,4,0,15.85
191_188,train,3,fake,NeuralTextures,310,62,0,0,26.75
356_324,train,4,fake,FaceSwap,558,112,0,0,43.81
241,train,4,real,original,292,98,0,0,12.57
792,train,5,real,original,383,71,6,0,10.04
221,train,4,real,original,718,72,0,0,34.07
494,train,4,real,original,802,41,40,0,34.8
993,train,5,real,original,409,82,0,0,8.22
396_272,train,4,fake,NeuralTextures,323,65,0,0,26.53
916_783,train,4,fake,FaceSwap,403,81,0,0,34.75
928,train,4,real,original,376,76,0,0,18.85
576_155,train,4,fake,Face2Face,829,83,0,0,45.57
026,train,4,real,original,322,64,1,0,7.44
161_141,val,4,fake,Face2Face,508,102,0,0,11.15
472,train,5,real,original,479,96,0,0,11.6
727,train,4,real,original,554,34,77,0,6.89
768,val,4,real,original,330,66,0,0,14.19
106,train,5,real,original,356,72,0,0,10.38
909,train,5,real,original,637,125,3,0,14.25
105_180,train,3,fake,NeuralTextures,300,60,0,0,6.9
538_493,train,4,fake,NeuralTextures,395,79,0,0,21.37
845,train,4,real,original,356,72,0,0,15.92
925,val,4,real,original,356,72,0,0,11.25
820_818,train,3,fake,Face2Face,466,94,0,0,18.58
133,train,5,real,original,767,77,0,0,16.72
247,train,5,real,original,399,80,0,0,9.55
352,test,4,real,original,421,85,0,0,13.52
969_897,train,4,fake,Deepfakes,356,72,0,0,17.33
335,train,5,real,original,384,77,0,0,19.13
760_611,train,4,fake,NeuralTextures,306,62,0,0,21.33
638,train,4,real,original,698,111,29,0,34.78
949_868,train,4,fake,Face2Face,431,87,0,0,23.14
349_350,train,4,fake,FaceSwap,405,81,0,0,26.2
116_091,train,3,fake,Face2Face,639,128,0,0,26.38
198,train,5,real,original,392,79,0,0,8.94
940_941,train,4,fake,FaceSwap,309,62,0,0,18.22
491_226,train,4,fake,FaceSwap,328,66,0,0,52.42
262,train,5,real,original,397,80,0,0,13.41
956_958,val,4,fake,NeuralTextures,392,79,0,0,11.56
578_636,train,4,fake,Deepfakes,564,113,0,0,41.48
063_041,train,4,fake,Deepfakes,930,93,0,0,37.86
283_313,train,4,fake,NeuralTextures,481,97,0,0,26.2
726_713,train,4,fake,Face2Face,527,106,0,0,73.31
132,train,4,real,original,413,83,0,0,12.64
309_303,train,4,fake,NeuralTextures,571,115,0,0,28.18
122_144,train,4,fake,Face2Face,344,68,1,0,24.77
427_637,train,4,fake,FaceSwap,468,94,0,0,34.55
034,train,4,real,original,407,82,0,0,17.33
940_941,train,4,fake,Deepfakes,309,62,0,0,17.42
924_917,train,4,fake,FaceSwap,448,90,0,0,28.93
881,val,5,real,original,638,128,0,0,8.73
956_958,val,4,fake,Deepfakes,542,109,0,0,15.84
550,train,4,real,original,444,89,0,0,18.68
988_966,train,4,fake,NeuralTextures,364,73,0,0,17.49
055,train,5,real,original,394,79,0,0,5.28
437,train,5,real,original,593,45,74,0,25.54
309_303,train,3,fake,FaceSwap,571,115,0,0,15.28
259_345,train,4,fake,NeuralTextures,423,85,0,0,21.02
020,train,5,real,original,390,78,0,0,17.91
673,train,5,real,original,592,119,0,0,17.43
153_150,train,4,fake,Face2Face,456,92,0,0,27.83
795,train,5,real,original,550,110,0,0,19.4
462,val,5,real,original,585,117,0,0,13.31
742_775,train,4,fake,Deepfakes,623,122,3,0,34.96
491_226,train,3,fake,NeuralTextures,328,66,0,0,65.3
125,train,4,real,original,500,100,0,0,22.19
145_299,train,3,fake,Deepfakes,475,95,0,0,16.2
246,val,4,real,original,496,100,0,0,20.13
799_809,train,4,fake,FaceSwap,367,74,0,0,27.1
568_628,train,4,fake,Deepfakes,570,114,0,0,32.53
088,train,5,real,original,665,133,0,0,15.38
682_669,train,4,fake,FaceSwap,489,98,0,0,24.75
923_023,train,4,fake,NeuralTextures,553,111,0,0,39.79
897_969,train,4,fake,FaceSwap,333,67,0,0,22.64
040_997,train,4,fake,FaceSwap,438,88,0,0,38.56
137,train,5,real,original,606,122,0,0,13.1
336,train,4,real,original,507,69,33,0,19.15
732,train,5,real,original,426,86,0,0,12.86
934_918,train,4,fake,Face2Face,472,44,51,0,36.58
